sample_id,corruption,severity,metric,range_min_m,range_max_m,unit,mean,std_across_seeds,n_valid_seeds
000000,baseline,0,point_count,0.0,10.0,points/bin,81353.0,,1
000000,baseline,0,point_count,10.0,20.0,points/bin,28161.0,,1
000000,baseline,0,point_count,20.0,40.0,points/bin,4845.0,,1
000000,baseline,0,point_count,40.0,80.0,points/bin,1025.0,,1
000000,baseline,0,point_count,80.0,,points/bin,0.0,,1
000000,baseline,0,xyz_rmse_m,,,metres,0.0,,1
000000,baseline,0,xyz_rmse_m,0.0,10.0,metres,0.0,,1
000000,baseline,0,xyz_rmse_m,10.0,20.0,metres,0.0,,1
000000,baseline,0,xyz_rmse_m,20.0,40.0,metres,0.0,,1
000000,baseline,0,xyz_rmse_m,40.0,80.0,metres,0.0,,1
000000,baseline,0,xyz_rmse_m,80.0,,metres,,,0
000000,density_decrease,1,point_count,0.0,10.0,points/bin,76466.33333333333,10.785793124908958,3
000000,density_decrease,1,point_count,10.0,20.0,points/bin,26482.333333333332,17.21433511156714,3
000000,density_decrease,1,point_count,20.0,40.0,points/bin,4549.0,6.244997998398398,3
000000,density_decrease,1,point_count,40.0,80.0,points/bin,963.3333333333334,10.692676621563628,3
000000,density_decrease,1,point_count,80.0,,points/bin,0.0,0.0,3
000000,density_decrease,1,retention_percent,,,percent,94.00003466685156,0.0,3
000000,density_decrease,1,retention_percent,0.0,10.0,percent,93.99325572914746,0.013258015223669716,3
000000,density_decrease,1,retention_percent,10.0,20.0,percent,94.03903743948486,0.061128280641901726,3
000000,density_decrease,1,retention_percent,20.0,40.0,percent,93.89060887512899,0.1288957275211237,3
000000,density_decrease,1,retention_percent,40.0,80.0,percent,93.98373983739839,1.0431879630793783,3
000000,density_decrease,1,retention_percent,80.0,,percent,,,0
000000,density_decrease,2,point_count,0.0,10.0,points/bin,71563.66666666667,21.22105872319601,3
000000,density_decrease,2,point_count,10.0,20.0,points/bin,24795.666666666668,18.502252115170556,3
000000,density_decrease,2,point_count,20.0,40.0,points/bin,4269.0,11.0,3
000000,density_decrease,2,point_count,40.0,80.0,points/bin,909.6666666666666,14.153915830374764,3
000000,density_decrease,2,point_count,80.0,,points/bin,0.0,0.0,3
000000,density_decrease,2,retention_percent,,,percent,88.00006933370311,0.0,3
000000,density_decrease,2,retention_percent,0.0,10.0,percent,87.96684408278327,0.02608515816649897,3
000000,density_decrease,2,retention_percent,10.0,20.0,percent,88.04966679687038,0.06570168713885068,3
000000,density_decrease,2,retention_percent,20.0,40.0,percent,88.11145510835915,0.22703818369453188,3
000000,density_decrease,2,retention_percent,40.0,80.0,percent,88.7479674796748,1.3808698371097332,3
000000,density_decrease,2,retention_percent,80.0,,percent,,,0
000000,density_decrease,3,point_count,0.0,10.0,points/bin,66692.0,61.28621378417825,3
000000,density_decrease,3,point_count,10.0,20.0,points/bin,23094.666666666668,44.747439405326126,3
000000,density_decrease,3,point_count,20.0,40.0,points/bin,3972.0,22.516660498395403,3
000000,density_decrease,3,point_count,40.0,80.0,points/bin,856.3333333333334,11.930353445448855,3
000000,density_decrease,3,point_count,80.0,,points/bin,0.0,0.0,3
000000,density_decrease,3,retention_percent,,,percent,82.00010400055467,0.0,3
000000,density_decrease,3,retention_percent,0.0,10.0,percent,81.97853797647291,0.07533368626132735,3
000000,density_decrease,3,retention_percent,10.0,20.0,percent,82.00939834049454,0.15889861654532056,3
000000,density_decrease,3,retention_percent,20.0,40.0,percent,81.98142414860682,0.46474015476564223,3
000000,density_decrease,3,retention_percent,40.0,80.0,percent,83.54471544715447,1.1639369215072013,3
000000,density_decrease,3,retention_percent,80.0,,percent,,,0
000000,density_decrease,4,point_count,0.0,10.0,points/bin,61770.0,56.0,3
000000,density_decrease,4,point_count,10.0,20.0,points/bin,21441.333333333332,56.58032638058333,3
000000,density_decrease,4,point_count,20.0,40.0,points/bin,3683.0,13.0,3
000000,density_decrease,4,point_count,40.0,80.0,points/bin,797.6666666666666,6.027713773341708,3
000000,density_decrease,4,point_count,80.0,,points/bin,0.0,0.0,3
000000,density_decrease,4,retention_percent,,,percent,76.00013866740623,0.0,3
000000,density_decrease,4,retention_percent,0.0,10.0,percent,75.92836158469878,0.0688358142908072,3
000000,density_decrease,4,retention_percent,10.0,20.0,percent,76.13839470662737,0.20091731962849765,3
000000,density_decrease,4,retention_percent,20.0,40.0,percent,76.01651186790507,0.26831785345717446,3
000000,density_decrease,4,retention_percent,40.0,80.0,percent,77.8211382113821,0.588069636423582,3
000000,density_decrease,4,retention_percent,80.0,,percent,,,0
000000,density_decrease,5,point_count,0.0,10.0,points/bin,56907.333333333336,21.455380055672126,3
000000,density_decrease,5,point_count,10.0,20.0,points/bin,19726.333333333332,24.131583730317686,3
000000,density_decrease,5,point_count,20.0,40.0,points/bin,3395.0,3.0,3
000000,density_decrease,5,point_count,40.0,80.0,points/bin,740.3333333333334,16.041612554021288,3
000000,density_decrease,5,point_count,80.0,,points/bin,0.0,0.0,3
000000,density_decrease,5,retention_percent,,,percent,70.00017333425778,0.0,3
000000,density_decrease,5,retention_percent,0.0,10.0,percent,69.95111837711373,0.026373188518761928,3
000000,density_decrease,5,retention_percent,10.0,20.0,percent,70.04841210657764,0.08569150147479641,3
000000,density_decrease,5,retention_percent,20.0,40.0,percent,70.07223942208462,0.061919504643967116,3
000000,density_decrease,5,retention_percent,40.0,80.0,percent,72.22764227642277,1.5650353711240297,3
000000,density_decrease,5,retention_percent,80.0,,percent,,,0
000000,gaussian_noise,1,point_count,0.0,10.0,points/bin,81360.0,3.4641016151377544,3
000000,gaussian_noise,1,point_count,10.0,20.0,points/bin,28151.666666666668,4.932882862316248,3
000000,gaussian_noise,1,point_count,20.0,40.0,points/bin,4847.666666666667,1.1547005383792517,3
000000,gaussian_noise,1,point_count,40.0,80.0,points/bin,1024.6666666666667,0.5773502691896258,3
000000,gaussian_noise,1,point_count,80.0,,points/bin,0.0,0.0,3
000000,gaussian_noise,1,xyz_rmse_m,,,metres,0.03464986267114458,1.7382026018978937e-05,3
000000,gaussian_noise,1,xyz_rmse_m,0.0,10.0,metres,0.03462176107933768,4.07253394250277e-05,3
000000,gaussian_noise,1,xyz_rmse_m,10.0,20.0,metres,0.034735322970087086,7.381009731514357e-05,3
000000,gaussian_noise,1,xyz_rmse_m,20.0,40.0,metres,0.034644209399358465,6.541585449391479e-05,3
000000,gaussian_noise,1,xyz_rmse_m,40.0,80.0,metres,0.034549615211653714,0.0005480098580567686,3
000000,gaussian_noise,1,xyz_rmse_m,80.0,,metres,,,0
000000,gaussian_noise,2,point_count,0.0,10.0,points/bin,81357.0,7.211102550927978,3
000000,gaussian_noise,2,point_count,10.0,20.0,points/bin,28152.333333333332,10.263202878893768,3
000000,gaussian_noise,2,point_count,20.0,40.0,points/bin,4850.0,3.0,3
000000,gaussian_noise,2,point_count,40.0,80.0,points/bin,1024.6666666666667,0.5773502691896258,3
000000,gaussian_noise,2,point_count,80.0,,points/bin,0.0,0.0,3
000000,gaussian_noise,2,xyz_rmse_m,,,metres,0.06929972479791086,3.4764407221958216e-05,3
000000,gaussian_noise,2,xyz_rmse_m,0.0,10.0,metres,0.06924352198697714,8.145097313558833e-05,3
000000,gaussian_noise,2,xyz_rmse_m,10.0,20.0,metres,0.06947064472303434,0.00014761568895937021,3
000000,gaussian_noise,2,xyz_rmse_m,20.0,40.0,metres,0.06928842888068756,0.0001308274572822431,3
000000,gaussian_noise,2,xyz_rmse_m,40.0,80.0,metres,0.06909916863319644,0.0010960213982951824,3
000000,gaussian_noise,2,xyz_rmse_m,80.0,,metres,,,0
000000,gaussian_noise,3,point_count,0.0,10.0,points/bin,81362.66666666667,2.5166114784235836,3
000000,gaussian_noise,3,point_count,10.0,20.0,points/bin,28146.333333333332,2.0816659994661326,3
000000,gaussian_noise,3,point_count,20.0,40.0,points/bin,4850.333333333333,2.0816659994661326,3
000000,gaussian_noise,3,point_count,40.0,80.0,points/bin,1024.6666666666667,0.5773502691896258,3
000000,gaussian_noise,3,point_count,80.0,,points/bin,0.0,0.0,3
000000,gaussian_noise,3,xyz_rmse_m,,,metres,0.1039495874703326,5.2146793217199544e-05,3
000000,gaussian_noise,3,xyz_rmse_m,0.0,10.0,metres,0.10386528263780298,0.0001221764659814711,3
000000,gaussian_noise,3,xyz_rmse_m,10.0,20.0,metres,0.10420596821725402,0.00022142643791954477,3
000000,gaussian_noise,3,xyz_rmse_m,20.0,40.0,metres,0.10393264009951465,0.0001962403672578233,3
000000,gaussian_noise,3,xyz_rmse_m,40.0,80.0,metres,0.1036487948434827,0.0016440427731723327,3
000000,gaussian_noise,3,xyz_rmse_m,80.0,,metres,,,0
000000,gaussian_noise,4,point_count,0.0,10.0,points/bin,81358.0,8.54400374531753,3
000000,gaussian_noise,4,point_count,10.0,20.0,points/bin,28148.333333333332,11.015141094572202,3
000000,gaussian_noise,4,point_count,20.0,40.0,points/bin,4853.333333333333,2.8867513459481287,3
000000,gaussian_noise,4,point_count,40.0,80.0,points/bin,1024.3333333333333,1.1547005383792515,3
000000,gaussian_noise,4,point_count,80.0,,points/bin,0.0,0.0,3
000000,gaussian_noise,4,xyz_rmse_m,,,metres,0.13859944897402895,6.952913295175816e-05,3
000000,gaussian_noise,4,xyz_rmse_m,0.0,10.0,metres,0.13848704372422507,0.00016290158043622886,3
000000,gaussian_noise,4,xyz_rmse_m,10.0,20.0,metres,0.13894128889796276,0.0002952354062617635,3
000000,gaussian_noise,4,xyz_rmse_m,20.0,40.0,metres,0.13857684994500452,0.00026165780066502874,3
000000,gaussian_noise,4,xyz_rmse_m,40.0,80.0,metres,0.13819833910333748,0.0021920309276413064,3
000000,gaussian_noise,4,xyz_rmse_m,80.0,,metres,,,0
000000,gaussian_noise,5,point_count,0.0,10.0,points/bin,81366.66666666667,5.859465277082315,3
000000,gaussian_noise,5,point_count,10.0,20.0,points/bin,28138.333333333332,12.096831541082702,3
000000,gaussian_noise,5,point_count,20.0,40.0,points/bin,4855.0,6.928203230275509,3
000000,gaussian_noise,5,point_count,40.0,80.0,points/bin,1024.0,1.7320508075688772,3
000000,gaussian_noise,5,point_count,80.0,,points/bin,0.0,0.0,3
000000,gaussian_noise,5,xyz_rmse_m,,,metres,0.17324931151063674,8.691171523887032e-05,3
000000,gaussian_noise,5,xyz_rmse_m,0.0,10.0,metres,0.17310880498989537,0.00020362698039613677,3
000000,gaussian_noise,5,xyz_rmse_m,10.0,20.0,metres,0.1736766117051246,0.0003690432572016016,3
000000,gaussian_noise,5,xyz_rmse_m,20.0,40.0,metres,0.17322105690249803,0.0003270803884752204,3
000000,gaussian_noise,5,xyz_rmse_m,40.0,80.0,metres,0.1727479404458405,0.002740040755878666,3
000000,gaussian_noise,5,xyz_rmse_m,80.0,,metres,,,0
000001,baseline,0,point_count,0.0,10.0,points/bin,62100.0,,1
000001,baseline,0,point_count,10.0,20.0,points/bin,31964.0,,1
000001,baseline,0,point_count,20.0,40.0,points/bin,21876.0,,1
000001,baseline,0,point_count,40.0,80.0,points/bin,4328.0,,1
000001,baseline,0,point_count,80.0,,points/bin,0.0,,1
000001,baseline,0,xyz_rmse_m,,,metres,0.0,,1
000001,baseline,0,xyz_rmse_m,0.0,10.0,metres,0.0,,1
000001,baseline,0,xyz_rmse_m,10.0,20.0,metres,0.0,,1
000001,baseline,0,xyz_rmse_m,20.0,40.0,metres,0.0,,1
000001,baseline,0,xyz_rmse_m,40.0,80.0,metres,0.0,,1
000001,baseline,0,xyz_rmse_m,80.0,,metres,,,0
000001,density_decrease,1,point_count,0.0,10.0,points/bin,58362.333333333336,60.11932578907829,3
000001,density_decrease,1,point_count,10.0,20.0,points/bin,30029.333333333332,42.524502740576914,3
000001,density_decrease,1,point_count,20.0,40.0,points/bin,20594.0,39.395431207184416,3
000001,density_decrease,1,point_count,40.0,80.0,points/bin,4066.3333333333335,4.509249752822894,3
000001,density_decrease,1,point_count,80.0,,points/bin,0.0,0.0,3
000001,density_decrease,1,retention_percent,,,percent,94.00006651810956,1.7404671430534633e-14,3
000001,density_decrease,1,retention_percent,0.0,10.0,percent,93.98121309715513,0.09681050851703903,3
000001,density_decrease,1,retention_percent,10.0,20.0,percent,93.94735744379092,0.1330387396464062,3
000001,density_decrease,1,retention_percent,20.0,40.0,percent,94.13969647101847,0.18008516733948146,3
000001,density_decrease,1,retention_percent,40.0,80.0,percent,93.95409735058534,0.10418784086928934,3
000001,density_decrease,1,retention_percent,80.0,,percent,,,0
000001,density_decrease,2,point_count,0.0,10.0,points/bin,54612.0,71.71471257698799,3
000001,density_decrease,2,point_count,10.0,20.0,points/bin,28113.0,50.38849074937649,3
000001,density_decrease,2,point_count,20.0,40.0,points/bin,19314.0,27.712812921102035,3
000001,density_decrease,2,point_count,40.0,80.0,points/bin,3797.0,19.924858845171276,3
000001,density_decrease,2,point_count,80.0,,points/bin,0.0,0.0,3
000001,density_decrease,2,retention_percent,,,percent,88.00013303621911,0.0,3
000001,density_decrease,2,retention_percent,0.0,10.0,percent,87.94202898550725,0.11548262894845368,3
000001,density_decrease,2,retention_percent,10.0,20.0,percent,87.95207107996497,0.15764138014446066,3
000001,density_decrease,2,retention_percent,20.0,40.0,percent,88.2885353812397,0.12668135363459132,3
000001,density_decrease,2,retention_percent,40.0,80.0,percent,87.73105360443623,0.4603710454059936,3
000001,density_decrease,2,retention_percent,80.0,,percent,,,0
000001,density_decrease,3,point_count,0.0,10.0,points/bin,50896.333333333336,34.07834111768548,3
000001,density_decrease,3,point_count,10.0,20.0,points/bin,26168.0,47.31807265728392,3
000001,density_decrease,3,point_count,20.0,40.0,points/bin,18011.0,8.54400374531753,3
000001,density_decrease,3,point_count,40.0,80.0,points/bin,3544.6666666666665,10.263202878893768,3
000001,density_decrease,3,point_count,80.0,,points/bin,0.0,0.0,3
000001,density_decrease,3,retention_percent,,,percent,82.00019955432866,0.0,3
000001,density_decrease,3,retention_percent,0.0,10.0,percent,81.95866881374127,0.05487655574506353,3
000001,density_decrease,3,retention_percent,10.0,20.0,percent,81.86710048804905,0.14803551701064513,3
000001,density_decrease,3,retention_percent,20.0,40.0,percent,82.332236240629,0.03905651739494268,3
000001,density_decrease,3,retention_percent,40.0,80.0,percent,81.90080098582871,0.23713500182287411,3
000001,density_decrease,3,retention_percent,80.0,,percent,,,0
000001,density_decrease,4,point_count,0.0,10.0,points/bin,47145.333333333336,45.44593857907804,3
000001,density_decrease,4,point_count,10.0,20.0,points/bin,24273.333333333332,59.18051481132395,3
000001,density_decrease,4,point_count,20.0,40.0,points/bin,16689.666666666668,60.99453527434514,3
000001,density_decrease,4,point_count,40.0,80.0,points/bin,3295.6666666666665,21.939310229205777,3
000001,density_decrease,4,point_count,80.0,,points/bin,0.0,0.0,3
000001,density_decrease,4,retention_percent,,,percent,76.00026607243822,0.0,3
000001,density_decrease,4,retention_percent,0.0,10.0,percent,75.91841116478797,0.07318186566679565,3
000001,density_decrease,4,retention_percent,10.0,20.0,percent,75.9395987152213,0.18514739960995094,3
000001,density_decrease,4,retention_percent,20.0,40.0,percent,76.29213140732615,0.2788194152237368,3
000001,density_decrease,4,retention_percent,40.0,80.0,percent,76.1475662353666,0.5069156707302571,3
000001,density_decrease,4,retention_percent,80.0,,percent,,,0
000001,density_decrease,5,point_count,0.0,10.0,points/bin,43405.333333333336,43.98105652816145,3
000001,density_decrease,5,point_count,10.0,20.0,points/bin,22359.0,46.57252408878007,3
000001,density_decrease,5,point_count,20.0,40.0,points/bin,15373.333333333334,33.560889936551646,3
000001,density_decrease,5,point_count,40.0,80.0,points/bin,3050.3333333333335,26.27419519858474,3
000001,density_decrease,5,point_count,80.0,,points/bin,0.0,0.0,3
000001,density_decrease,5,retention_percent,,,percent,70.00033259054777,0.0,3
000001,density_decrease,5,retention_percent,0.0,10.0,percent,69.89586688137412,0.07082295737224618,3
000001,density_decrease,5,retention_percent,10.0,20.0,percent,69.95056939056438,0.14570305371286388,3
000001,density_decrease,5,retention_percent,20.0,40.0,percent,70.27488267203023,0.1534141979180436,3
000001,density_decrease,5,retention_percent,40.0,80.0,percent,70.47905113986445,0.6070747504294082,3
000001,density_decrease,5,retention_percent,80.0,,percent,,,0
000001,gaussian_noise,1,point_count,0.0,10.0,points/bin,62113.0,5.196152422706632,3
000001,gaussian_noise,1,point_count,10.0,20.0,points/bin,31953.333333333332,5.686240703077327,3
000001,gaussian_noise,1,point_count,20.0,40.0,points/bin,21874.666666666668,1.5275252316519465,3
000001,gaussian_noise,1,point_count,40.0,80.0,points/bin,4327.0,3.0,3
000001,gaussian_noise,1,point_count,80.0,,points/bin,0.0,0.0,3
000001,gaussian_noise,1,xyz_rmse_m,,,metres,0.03466014688774648,2.0441020457637137e-05,3
000001,gaussian_noise,1,xyz_rmse_m,0.0,10.0,metres,0.03462852011083537,5.563807099420936e-05,3
000001,gaussian_noise,1,xyz_rmse_m,10.0,20.0,metres,0.03469281228417773,4.416723120265304e-05,3
000001,gaussian_noise,1,xyz_rmse_m,20.0,40.0,metres,0.0346769042529559,0.00011439999451349177,3
000001,gaussian_noise,1,xyz_rmse_m,40.0,80.0,metres,0.0347860161249235,0.0001817886868642976,3
000001,gaussian_noise,1,xyz_rmse_m,80.0,,metres,,,0
000001,gaussian_noise,2,point_count,0.0,10.0,points/bin,62123.666666666664,29.53528962670475,3
000001,gaussian_noise,2,point_count,10.0,20.0,points/bin,31940.666666666668,34.31229128655406,3
000001,gaussian_noise,2,point_count,20.0,40.0,points/bin,21877.666666666668,6.110100926607787,3
000001,gaussian_noise,2,point_count,40.0,80.0,points/bin,4326.0,3.605551275463989,3
000001,gaussian_noise,2,point_count,80.0,,points/bin,0.0,0.0,3
000001,gaussian_noise,2,xyz_rmse_m,,,metres,0.06932029432650356,4.088257988892664e-05,3
000001,gaussian_noise,2,xyz_rmse_m,0.0,10.0,metres,0.06925704128373647,0.00011127587936094407,3
000001,gaussian_noise,2,xyz_rmse_m,10.0,20.0,metres,0.06938562399939545,8.833386181528814e-05,3
000001,gaussian_noise,2,xyz_rmse_m,20.0,40.0,metres,0.06935380794422856,0.0002288010718581427,3
000001,gaussian_noise,2,xyz_rmse_m,40.0,80.0,metres,0.06957203935586587,0.00036357817528436616,3
000001,gaussian_noise,2,xyz_rmse_m,80.0,,metres,,,0
000001,gaussian_noise,3,point_count,0.0,10.0,points/bin,62122.666666666664,43.015501081974314,3
000001,gaussian_noise,3,point_count,10.0,20.0,points/bin,31941.333333333332,47.014182257413914,3
000001,gaussian_noise,3,point_count,20.0,40.0,points/bin,21877.0,8.660254037844387,3
000001,gaussian_noise,3,point_count,40.0,80.0,points/bin,4327.0,4.58257569495584,3
000001,gaussian_noise,3,point_count,80.0,,points/bin,0.0,0.0,3
000001,gaussian_noise,3,xyz_rmse_m,,,metres,0.1039804408895562,6.132503261631156e-05,3
000001,gaussian_noise,3,xyz_rmse_m,0.0,10.0,metres,0.10388556201901901,0.00016691282311999403,3
000001,gaussian_noise,3,xyz_rmse_m,10.0,20.0,metres,0.10407843668525955,0.00013250199058887667,3
000001,gaussian_noise,3,xyz_rmse_m,20.0,40.0,metres,0.10403071051047691,0.0003432043516239218,3
000001,gaussian_noise,3,xyz_rmse_m,40.0,80.0,metres,0.10435804303899367,0.0005453850568260136,3
000001,gaussian_noise,3,xyz_rmse_m,80.0,,metres,,,0
000001,gaussian_noise,4,point_count,0.0,10.0,points/bin,62098.0,58.642987645583,3
000001,gaussian_noise,4,point_count,10.0,20.0,points/bin,31965.0,63.50590523722971,3
000001,gaussian_noise,4,point_count,20.0,40.0,points/bin,21878.666666666668,9.29157324317757,3
000001,gaussian_noise,4,point_count,40.0,80.0,points/bin,4326.0,5.291502622129181,3
000001,gaussian_noise,4,point_count,80.0,,points/bin,0.3333333333333333,0.5773502691896258,3
000001,gaussian_noise,4,xyz_rmse_m,,,metres,0.13864058826591688,8.176643077796854e-05,3
000001,gaussian_noise,4,xyz_rmse_m,0.0,10.0,metres,0.13851408256643286,0.0002225507148782464,3
000001,gaussian_noise,4,xyz_rmse_m,10.0,20.0,metres,0.13877124842721303,0.00017666886538605808,3
000001,gaussian_noise,4,xyz_rmse_m,20.0,40.0,metres,0.13870761556099367,0.0004576001244910545,3
000001,gaussian_noise,4,xyz_rmse_m,40.0,80.0,metres,0.13914406643471403,0.0007271889656003042,3
000001,gaussian_noise,4,xyz_rmse_m,80.0,,metres,,,0
000001,gaussian_noise,5,point_count,0.0,10.0,points/bin,62038.0,48.86716689148246,3
000001,gaussian_noise,5,point_count,10.0,20.0,points/bin,32019.333333333332,54.85739087245522,3
000001,gaussian_noise,5,point_count,20.0,40.0,points/bin,21886.333333333332,15.01110699893027,3
000001,gaussian_noise,5,point_count,40.0,80.0,points/bin,4323.333333333333,6.429100507328636,3
000001,gaussian_noise,5,point_count,80.0,,points/bin,1.0,0.0,3
000001,gaussian_noise,5,xyz_rmse_m,,,metres,0.17330073602893595,0.00010220637983749913,3
000001,gaussian_noise,5,xyz_rmse_m,0.0,10.0,metres,0.17314260359148395,0.00027818890447361565,3
000001,gaussian_noise,5,xyz_rmse_m,10.0,20.0,metres,0.17346406030394634,0.00022083501971875656,3
000001,gaussian_noise,5,xyz_rmse_m,20.0,40.0,metres,0.1733845215159865,0.0005720036535873495,3
000001,gaussian_noise,5,xyz_rmse_m,40.0,80.0,metres,0.17393008821319098,0.0009089494686597104,3
000001,gaussian_noise,5,xyz_rmse_m,80.0,,metres,,,0
000002,baseline,0,point_count,0.0,10.0,points/bin,106504.0,,1
000002,baseline,0,point_count,10.0,20.0,points/bin,12429.0,,1
000002,baseline,0,point_count,20.0,40.0,points/bin,5839.0,,1
000002,baseline,0,point_count,40.0,80.0,points/bin,2119.0,,1
000002,baseline,0,point_count,80.0,,points/bin,0.0,,1
000002,baseline,0,xyz_rmse_m,,,metres,0.0,,1
000002,baseline,0,xyz_rmse_m,0.0,10.0,metres,0.0,,1
000002,baseline,0,xyz_rmse_m,10.0,20.0,metres,0.0,,1
000002,baseline,0,xyz_rmse_m,20.0,40.0,metres,0.0,,1
000002,baseline,0,xyz_rmse_m,40.0,80.0,metres,0.0,,1
000002,baseline,0,xyz_rmse_m,80.0,,metres,,,0
000002,density_decrease,1,point_count,0.0,10.0,points/bin,100124.33333333333,19.347695814575268,3
000002,density_decrease,1,point_count,10.0,20.0,points/bin,11681.0,22.64950330581225,3
000002,density_decrease,1,point_count,20.0,40.0,points/bin,5478.666666666667,22.36813209307682,3
000002,density_decrease,1,point_count,40.0,80.0,points/bin,1994.0,8.18535277187245,3
000002,density_decrease,1,point_count,80.0,,points/bin,0.0,0.0,3
000002,density_decrease,1,retention_percent,,,percent,94.00036251586009,1.7404671430534633e-14,3
000002,density_decrease,1,retention_percent,0.0,10.0,percent,94.00992763965047,0.01816616823272127,3
000002,density_decrease,1,retention_percent,10.0,20.0,percent,93.98181671896371,0.18223109908932514,3
000002,density_decrease,1,retention_percent,20.0,40.0,percent,93.8288519723697,0.38308155665485283,3
000002,density_decrease,1,retention_percent,40.0,80.0,percent,94.10099103350638,0.38628375516151275,3
000002,density_decrease,1,retention_percent,80.0,,percent,,,0
000002,density_decrease,2,point_count,0.0,10.0,points/bin,93776.0,27.49545416973504,3
000002,density_decrease,2,point_count,10.0,20.0,points/bin,10905.0,32.046840717924134,3
000002,density_decrease,2,point_count,20.0,40.0,points/bin,5116.666666666667,25.716402029314544,3
000002,density_decrease,2,point_count,40.0,80.0,points/bin,1867.3333333333333,16.62327685305558,3
000002,density_decrease,2,point_count,80.0,,points/bin,0.0,0.0,3
000002,density_decrease,2,retention_percent,,,percent,88.00072503172014,0.0,3
000002,density_decrease,2,retention_percent,0.0,10.0,percent,88.04927514459551,0.02581635823042478,3
000002,density_decrease,2,retention_percent,10.0,20.0,percent,87.73835384986724,0.25783925269871816,3
000002,density_decrease,2,retention_percent,20.0,40.0,percent,87.62916024433407,0.4404247650165238,3
000002,density_decrease,2,retention_percent,40.0,80.0,percent,88.12332861412615,0.7844868736694459,3
000002,density_decrease,2,retention_percent,80.0,,percent,,,0
000002,density_decrease,3,point_count,0.0,10.0,points/bin,87406.0,44.034077712607996,3
000002,density_decrease,3,point_count,10.0,20.0,points/bin,10135.666666666666,43.015501081974314,3
000002,density_decrease,3,point_count,20.0,40.0,points/bin,4757.333333333333,64.38426308760033,3
000002,density_decrease,3,point_count,40.0,80.0,points/bin,1752.0,19.05255888325765,3
000002,density_decrease,3,point_count,80.0,,points/bin,0.0,0.0,3
000002,density_decrease,3,retention_percent,,,percent,82.00029946962354,0.0,3
000002,density_decrease,3,retention_percent,0.0,10.0,percent,82.06827912566665,0.04134499897901209,3
000002,density_decrease,3,retention_percent,10.0,20.0,percent,81.54852897792797,0.34608979871248235,3
000002,density_decrease,3,retention_percent,20.0,40.0,percent,81.47513843694696,1.102659069833882,3
000002,density_decrease,3,retention_percent,40.0,80.0,percent,82.6805096743747,0.8991297254958763,3
000002,density_decrease,3,retention_percent,80.0,,percent,,,0
000002,density_decrease,4,point_count,0.0,10.0,points/bin,81000.66666666667,23.094010767585033,3
000002,density_decrease,4,point_count,10.0,20.0,points/bin,9403.333333333334,32.57811126098831,3
000002,density_decrease,4,point_count,20.0,40.0,points/bin,4416.0,51.468436929831086,3
000002,density_decrease,4,point_count,40.0,80.0,points/bin,1618.0,24.758836806279895,3
000002,density_decrease,4,point_count,80.0,,points/bin,0.0,0.0,3
000002,density_decrease,4,retention_percent,,,percent,76.0006619854836,0.0,3
000002,density_decrease,4,retention_percent,0.0,10.0,percent,76.05410751395878,0.021683702741297065,3
000002,density_decrease,4,retention_percent,10.0,20.0,percent,75.65639499021107,0.2621136958805119,3
000002,density_decrease,4,retention_percent,20.0,40.0,percent,75.62938859393732,0.8814597864331387,3
000002,density_decrease,4,retention_percent,40.0,80.0,percent,76.35677206229353,1.16842080256158,3
000002,density_decrease,4,retention_percent,80.0,,percent,,,0
000002,density_decrease,5,point_count,0.0,10.0,points/bin,74605.66666666667,16.74315780649915,3
000002,density_decrease,5,point_count,10.0,20.0,points/bin,8659.666666666666,38.17503547258775,3
000002,density_decrease,5,point_count,20.0,40.0,points/bin,4066.6666666666665,36.50114153466071,3
000002,density_decrease,5,point_count,40.0,80.0,points/bin,1492.0,33.04542328371661,3
000002,density_decrease,5,point_count,80.0,,points/bin,0.0,0.0,3
000002,density_decrease,5,retention_percent,,,percent,70.00023642338701,0.0,3
000002,density_decrease,5,retention_percent,0.0,10.0,percent,70.04963819825234,0.01572068448743586,3
000002,density_decrease,5,retention_percent,10.0,20.0,percent,69.67307640732695,0.30714486662312157,3
000002,density_decrease,5,retention_percent,20.0,40.0,percent,69.64662898898213,0.6251265890505289,3
000002,density_decrease,5,retention_percent,40.0,80.0,percent,70.41057102406796,1.5594819860177707,3
000002,density_decrease,5,retention_percent,80.0,,percent,,,0
000002,gaussian_noise,1,point_count,0.0,10.0,points/bin,106501.33333333333,9.073771725877465,3
000002,gaussian_noise,1,point_count,10.0,20.0,points/bin,12433.0,8.18535277187245,3
000002,gaussian_noise,1,point_count,20.0,40.0,points/bin,5837.0,1.0,3
000002,gaussian_noise,1,point_count,40.0,80.0,points/bin,2119.6666666666665,0.5773502691896258,3
000002,gaussian_noise,1,point_count,80.0,,points/bin,0.0,0.0,3
000002,gaussian_noise,1,xyz_rmse_m,,,metres,0.03465495311412773,1.9914657550273416e-05,3
000002,gaussian_noise,1,xyz_rmse_m,0.0,10.0,metres,0.0346496747471458,2.8896383209288374e-05,3
000002,gaussian_noise,1,xyz_rmse_m,10.0,20.0,metres,0.034675082368459544,0.0001461495308980083,3
000002,gaussian_noise,1,xyz_rmse_m,20.0,40.0,metres,0.0346492916962752,2.789384668485294e-05,3
000002,gaussian_noise,1,xyz_rmse_m,40.0,80.0,metres,0.03481483706099339,0.0003413816498561489,3
000002,gaussian_noise,1,xyz_rmse_m,80.0,,metres,,,0
000002,gaussian_noise,2,point_count,0.0,10.0,points/bin,106496.66666666667,2.081665999466133,3
000002,gaussian_noise,2,point_count,10.0,20.0,points/bin,12437.333333333334,4.509249752822894,3
000002,gaussian_noise,2,point_count,20.0,40.0,points/bin,5838.333333333333,2.0816659994661326,3
000002,gaussian_noise,2,point_count,40.0,80.0,points/bin,2118.6666666666665,1.1547005383792517,3
000002,gaussian_noise,2,point_count,80.0,,points/bin,0.0,0.0,3
000002,gaussian_noise,2,xyz_rmse_m,,,metres,0.0693099062407658,3.9830246520404564e-05,3
000002,gaussian_noise,2,xyz_rmse_m,0.0,10.0,metres,0.06929935026697255,5.779241101739393e-05,3
000002,gaussian_noise,2,xyz_rmse_m,10.0,20.0,metres,0.06935016280850553,0.0002922992260165298,3
000002,gaussian_noise,2,xyz_rmse_m,20.0,40.0,metres,0.06929858498895652,5.5788538903862976e-05,3
000002,gaussian_noise,2,xyz_rmse_m,40.0,80.0,metres,0.06962964303752574,0.0006827775587651769,3
000002,gaussian_noise,2,xyz_rmse_m,80.0,,metres,,,0
000002,gaussian_noise,3,point_count,0.0,10.0,points/bin,106491.33333333333,5.507570547286101,3
000002,gaussian_noise,3,point_count,10.0,20.0,points/bin,12441.666666666666,5.773502691896257,3
000002,gaussian_noise,3,point_count,20.0,40.0,points/bin,5839.333333333333,6.506407098647712,3
000002,gaussian_noise,3,point_count,40.0,80.0,points/bin,2118.6666666666665,3.511884584284246,3
000002,gaussian_noise,3,point_count,80.0,,points/bin,0.0,0.0,3
000002,gaussian_noise,3,xyz_rmse_m,,,metres,0.10396485934191857,5.9744881029152495e-05,3
000002,gaussian_noise,3,xyz_rmse_m,0.0,10.0,metres,0.1039490247940108,8.66885406886484e-05,3
000002,gaussian_noise,3,xyz_rmse_m,10.0,20.0,metres,0.10402524460739404,0.0004384491818061093,3
000002,gaussian_noise,3,xyz_rmse_m,20.0,40.0,metres,0.10394788269129072,8.368488214577324e-05,3
000002,gaussian_noise,3,xyz_rmse_m,40.0,80.0,metres,0.10444447709100424,0.0010241739804455164,3
000002,gaussian_noise,3,xyz_rmse_m,80.0,,metres,,,0
000002,gaussian_noise,4,point_count,0.0,10.0,points/bin,106488.66666666667,8.736894948054104,3
000002,gaussian_noise,4,point_count,10.0,20.0,points/bin,12444.666666666666,7.234178138070234,3
000002,gaussian_noise,4,point_count,20.0,40.0,points/bin,5837.0,5.291502622129181,3
000002,gaussian_noise,4,point_count,40.0,80.0,points/bin,2120.6666666666665,4.509249752822894,3
000002,gaussian_noise,4,point_count,80.0,,points/bin,0.0,0.0,3
000002,gaussian_noise,4,xyz_rmse_m,,,metres,0.13861981235561557,7.966028513055132e-05,3
000002,gaussian_noise,4,xyz_rmse_m,0.0,10.0,metres,0.1385986993625807,0.00011558480360963219,3
000002,gaussian_noise,4,xyz_rmse_m,10.0,20.0,metres,0.13870032587315953,0.0005845992840170583,3
000002,gaussian_noise,4,xyz_rmse_m,20.0,40.0,metres,0.13859717436150293,0.00011158486868380864,3
000002,gaussian_noise,4,xyz_rmse_m,40.0,80.0,metres,0.13925932350405848,0.0013655724213613909,3
000002,gaussian_noise,4,xyz_rmse_m,80.0,,metres,,,0
000002,gaussian_noise,5,point_count,0.0,10.0,points/bin,106479.66666666667,9.291573243177568,3
000002,gaussian_noise,5,point_count,10.0,20.0,points/bin,12453.666666666666,5.507570547286102,3
000002,gaussian_noise,5,point_count,20.0,40.0,points/bin,5835.333333333333,10.503967504392488,3
000002,gaussian_noise,5,point_count,40.0,80.0,points/bin,2122.0,8.717797887081348,3
000002,gaussian_noise,5,point_count,80.0,,points/bin,0.3333333333333333,0.5773502691896258,3
000002,gaussian_noise,5,xyz_rmse_m,,,metres,0.17327476574578596,9.957574864665508e-05,3
000002,gaussian_noise,5,xyz_rmse_m,0.0,10.0,metres,0.1732483746119807,0.00014448087360490524,3
000002,gaussian_noise,5,xyz_rmse_m,10.0,20.0,metres,0.17337540856389433,0.0007307461973416771,3
000002,gaussian_noise,5,xyz_rmse_m,20.0,40.0,metres,0.17324647139697935,0.00013947619423374365,3
000002,gaussian_noise,5,xyz_rmse_m,40.0,80.0,metres,0.17407413531365712,0.0017069739515440166,3
000002,gaussian_noise,5,xyz_rmse_m,80.0,,metres,,,0
000003,baseline,0,point_count,0.0,10.0,points/bin,73562.0,,1
000003,baseline,0,point_count,10.0,20.0,points/bin,29753.0,,1
000003,baseline,0,point_count,20.0,40.0,points/bin,7158.0,,1
000003,baseline,0,point_count,40.0,80.0,points/bin,2637.0,,1
000003,baseline,0,point_count,80.0,,points/bin,0.0,,1
000003,baseline,0,xyz_rmse_m,,,metres,0.0,,1
000003,baseline,0,xyz_rmse_m,0.0,10.0,metres,0.0,,1
000003,baseline,0,xyz_rmse_m,10.0,20.0,metres,0.0,,1
000003,baseline,0,xyz_rmse_m,20.0,40.0,metres,0.0,,1
000003,baseline,0,xyz_rmse_m,40.0,80.0,metres,0.0,,1
000003,baseline,0,xyz_rmse_m,80.0,,metres,,,0
000003,density_decrease,1,point_count,0.0,10.0,points/bin,69107.0,27.622454633866266,3
000003,density_decrease,1,point_count,10.0,20.0,points/bin,28002.333333333332,48.562674281111555,3
000003,density_decrease,1,point_count,20.0,40.0,points/bin,6734.0,25.534290669607408,3
000003,density_decrease,1,point_count,40.0,80.0,points/bin,2480.6666666666665,14.468356276140469,3
000003,density_decrease,1,point_count,80.0,,points/bin,0.0,0.0,3
000003,density_decrease,1,retention_percent,,,percent,94.00053045707718,0.0,3
000003,density_decrease,1,retention_percent,0.0,10.0,percent,93.94388407057993,0.03754989618806448,3
000003,density_decrease,1,retention_percent,10.0,20.0,percent,94.1159995070525,0.16321942083524774,3
000003,density_decrease,1,retention_percent,20.0,40.0,percent,94.07655769768091,0.35672381488694294,3
000003,density_decrease,1,retention_percent,40.0,80.0,percent,94.07154594867906,0.5486672838885308,3
000003,density_decrease,1,retention_percent,80.0,,percent,,,0
000003,density_decrease,2,point_count,0.0,10.0,points/bin,64693.0,32.046840717924134,3
000003,density_decrease,2,point_count,10.0,20.0,points/bin,26212.333333333332,59.50070027599115,3
000003,density_decrease,2,point_count,20.0,40.0,points/bin,6312.666666666667,23.797758998135375,3
000003,density_decrease,2,point_count,40.0,80.0,points/bin,2319.0,17.776388834631177,3
000003,density_decrease,2,point_count,80.0,,points/bin,0.0,0.0,3
000003,density_decrease,2,retention_percent,,,percent,88.00017681902573,0.0,3
000003,density_decrease,2,retention_percent,0.0,10.0,percent,87.94350343927572,0.04356439563623425,3
000003,density_decrease,2,retention_percent,10.0,20.0,percent,88.09979945999844,0.19998218759785916,3
000003,density_decrease,2,retention_percent,20.0,40.0,percent,88.19036974946447,0.3324638027121418,3
000003,density_decrease,2,retention_percent,40.0,80.0,percent,87.94084186575652,0.6741141006686097,3
000003,density_decrease,2,retention_percent,80.0,,percent,,,0
000003,density_decrease,3,point_count,0.0,10.0,points/bin,60309.666666666664,76.50054466037045,3
000003,density_decrease,3,point_count,10.0,20.0,points/bin,24411.333333333332,97.6541516441228,3
000003,density_decrease,3,point_count,20.0,40.0,points/bin,5872.666666666667,15.56705923844749,3
000003,density_decrease,3,point_count,40.0,80.0,points/bin,2157.3333333333335,15.947831618540913,3
000003,density_decrease,3,point_count,80.0,,points/bin,0.0,0.0,3
000003,density_decrease,3,retention_percent,,,percent,82.00070727610291,0.0,3
000003,density_decrease,3,retention_percent,0.0,10.0,percent,81.98481099843217,0.1039946503090844,3
000003,density_decrease,3,retention_percent,10.0,20.0,percent,82.04662835120268,0.3282161517968692,3
000003,density_decrease,3,retention_percent,20.0,40.0,percent,82.04340132252956,0.21747777645218944,3
000003,density_decrease,3,retention_percent,40.0,80.0,percent,81.81013778283403,0.6047717716549406,3
000003,density_decrease,3,retention_percent,80.0,,percent,,,0
000003,density_decrease,4,point_count,0.0,10.0,points/bin,55893.666666666664,156.6726949194828,3
000003,density_decrease,4,point_count,10.0,20.0,points/bin,22630.333333333332,151.7904256971873,3
000003,density_decrease,4,point_count,20.0,40.0,points/bin,5442.0,14.933184523068078,3
000003,density_decrease,4,point_count,40.0,80.0,points/bin,1998.0,35.93048844644336,3
000003,density_decrease,4,point_count,80.0,,points/bin,0.0,0.0,3
000003,density_decrease,4,retention_percent,,,percent,76.00035363805145,0.0,3
000003,density_decrease,4,retention_percent,0.0,10.0,percent,75.98171157209791,0.21298047214524435,3
000003,density_decrease,4,retention_percent,10.0,20.0,percent,76.06067735466452,0.5101684727495951,3
000003,density_decrease,4,retention_percent,20.0,40.0,percent,76.02682313495389,0.20862230403839094,3
000003,density_decrease,4,retention_percent,40.0,80.0,percent,75.76791808873719,1.3625517044536706,3
000003,density_decrease,4,retention_percent,80.0,,percent,,,0
000003,density_decrease,5,point_count,0.0,10.0,points/bin,51477.0,186.10749581894868,3
000003,density_decrease,5,point_count,10.0,20.0,points/bin,20849.333333333332,150.1643544032116,3
000003,density_decrease,5,point_count,20.0,40.0,points/bin,5005.666666666667,19.08751773629388,3
000003,density_decrease,5,point_count,40.0,80.0,points/bin,1845.0,29.512709126747414,3
000003,density_decrease,5,point_count,80.0,,points/bin,0.0,0.0,3
000003,density_decrease,5,retention_percent,,,percent,70.0,0.0,3
000003,density_decrease,5,retention_percent,0.0,10.0,percent,69.97770588075365,0.25299406734312574,3
000003,density_decrease,5,retention_percent,10.0,20.0,percent,70.07472635812636,0.5047032380036026,3
000003,density_decrease,5,retention_percent,20.0,40.0,percent,69.93107944491011,0.26665992925808374,3
000003,density_decrease,5,retention_percent,40.0,80.0,percent,69.96587030716724,1.119177441287354,3
000003,density_decrease,5,retention_percent,80.0,,percent,,,0
000003,gaussian_noise,1,point_count,0.0,10.0,points/bin,73556.66666666667,6.027713773341707,3
000003,gaussian_noise,1,point_count,10.0,20.0,points/bin,29755.333333333332,3.055050463303893,3
000003,gaussian_noise,1,point_count,20.0,40.0,points/bin,7159.333333333333,3.214550253664318,3
000003,gaussian_noise,1,point_count,40.0,80.0,points/bin,2638.3333333333335,2.516611478423583,3
000003,gaussian_noise,1,point_count,80.0,,points/bin,0.3333333333333333,0.5773502691896258,3
000003,gaussian_noise,1,xyz_rmse_m,,,metres,0.03464873983769092,1.2009293380367676e-05,3
000003,gaussian_noise,1,xyz_rmse_m,0.0,10.0,metres,0.03465664611489493,1.4244107349332937e-05,3
000003,gaussian_noise,1,xyz_rmse_m,10.0,20.0,metres,0.03465356536742431,6.84973072959439e-05,3
000003,gaussian_noise,1,xyz_rmse_m,20.0,40.0,metres,0.034517082015549184,5.24086291918596e-05,3
000003,gaussian_noise,1,xyz_rmse_m,40.0,80.0,metres,0.03472858407982909,0.0003469455844516265,3
000003,gaussian_noise,1,xyz_rmse_m,80.0,,metres,,,0
000003,gaussian_noise,2,point_count,0.0,10.0,points/bin,73556.0,5.5677643628300215,3
000003,gaussian_noise,2,point_count,10.0,20.0,points/bin,29757.0,6.244997998398398,3
000003,gaussian_noise,2,point_count,20.0,40.0,points/bin,7157.666666666667,4.041451884327381,3
000003,gaussian_noise,2,point_count,40.0,80.0,points/bin,2639.0,2.0,3
000003,gaussian_noise,2,point_count,80.0,,points/bin,0.3333333333333333,0.5773502691896258,3
000003,gaussian_noise,2,xyz_rmse_m,,,metres,0.06929747962259473,2.4017335119515895e-05,3
000003,gaussian_noise,2,xyz_rmse_m,0.0,10.0,metres,0.06931329253890267,2.8487997872032746e-05,3
000003,gaussian_noise,2,xyz_rmse_m,10.0,20.0,metres,0.0693071274246123,0.0001369935040221442,3
000003,gaussian_noise,2,xyz_rmse_m,20.0,40.0,metres,0.06903416849369264,0.00010482740253541813,3
000003,gaussian_noise,2,xyz_rmse_m,40.0,80.0,metres,0.06945718267338524,0.0006938654626061849,3
000003,gaussian_noise,2,xyz_rmse_m,80.0,,metres,,,0
000003,gaussian_noise,3,point_count,0.0,10.0,points/bin,73548.33333333333,5.686240703077327,3
000003,gaussian_noise,3,point_count,10.0,20.0,points/bin,29762.666666666668,2.0816659994661326,3
000003,gaussian_noise,3,point_count,20.0,40.0,points/bin,7160.333333333333,7.234178138070235,3
000003,gaussian_noise,3,point_count,40.0,80.0,points/bin,2638.3333333333335,3.0550504633038935,3
000003,gaussian_noise,3,point_count,80.0,,points/bin,0.3333333333333333,0.5773502691896258,3
000003,gaussian_noise,3,xyz_rmse_m,,,metres,0.10394621986521198,3.602560640334518e-05,3
000003,gaussian_noise,3,xyz_rmse_m,0.0,10.0,metres,0.10396993848512354,4.273253289331863e-05,3
000003,gaussian_noise,3,xyz_rmse_m,10.0,20.0,metres,0.10396069394134587,0.00020549159039385376,3
000003,gaussian_noise,3,xyz_rmse_m,20.0,40.0,metres,0.10355125599316382,0.0001572388752697015,3
000003,gaussian_noise,3,xyz_rmse_m,40.0,80.0,metres,0.10418576109333035,0.0010407985623234462,3
000003,gaussian_noise,3,xyz_rmse_m,80.0,,metres,,,0
000003,gaussian_noise,4,point_count,0.0,10.0,points/bin,73528.0,7.0,3
000003,gaussian_noise,4,point_count,10.0,20.0,points/bin,29784.0,5.5677643628300215,3
000003,gaussian_noise,4,point_count,20.0,40.0,points/bin,7160.0,7.211102550927978,3
000003,gaussian_noise,4,point_count,40.0,80.0,points/bin,2637.6666666666665,2.8867513459481287,3
000003,gaussian_noise,4,point_count,80.0,,points/bin,0.3333333333333333,0.5773502691896258,3
000003,gaussian_noise,4,xyz_rmse_m,,,metres,0.13859496007672364,4.803524945175685e-05,3
000003,gaussian_noise,4,xyz_rmse_m,0.0,10.0,metres,0.13862658452140095,5.697658099378053e-05,3
000003,gaussian_noise,4,xyz_rmse_m,10.0,20.0,metres,0.13861425927416893,0.0002739874218616912,3
000003,gaussian_noise,4,xyz_rmse_m,20.0,40.0,metres,0.138068338375923,0.00020964775320098618,3
000003,gaussian_noise,4,xyz_rmse_m,40.0,80.0,metres,0.13891436275445354,0.0013877484799412387,3
000003,gaussian_noise,4,xyz_rmse_m,80.0,,metres,,,0
000003,gaussian_noise,5,point_count,0.0,10.0,points/bin,73515.0,4.0,3
000003,gaussian_noise,5,point_count,10.0,20.0,points/bin,29799.333333333332,4.932882862316248,3
000003,gaussian_noise,5,point_count,20.0,40.0,points/bin,7159.333333333333,10.692676621563628,3
000003,gaussian_noise,5,point_count,40.0,80.0,points/bin,2636.0,4.58257569495584,3
000003,gaussian_noise,5,point_count,80.0,,points/bin,0.3333333333333333,0.5773502691896258,3
000003,gaussian_noise,5,xyz_rmse_m,,,metres,0.17324369964224684,6.0043821578559675e-05,3
000003,gaussian_noise,5,xyz_rmse_m,0.0,10.0,metres,0.17328323142405289,7.122050706270207e-05,3
000003,gaussian_noise,5,xyz_rmse_m,10.0,20.0,metres,0.17326782200771473,0.0003424832102608866,3
000003,gaussian_noise,5,xyz_rmse_m,20.0,40.0,metres,0.17258542031555413,0.00026206484039118563,3
000003,gaussian_noise,5,xyz_rmse_m,40.0,80.0,metres,0.1736429430477244,0.0017347032925778337,3
000003,gaussian_noise,5,xyz_rmse_m,80.0,,metres,,,0
000004,baseline,0,point_count,0.0,10.0,points/bin,63021.0,,1
000004,baseline,0,point_count,10.0,20.0,points/bin,32289.0,,1
000004,baseline,0,point_count,20.0,40.0,points/bin,16360.0,,1
000004,baseline,0,point_count,40.0,80.0,points/bin,4306.0,,1
000004,baseline,0,point_count,80.0,,points/bin,0.0,,1
000004,baseline,0,xyz_rmse_m,,,metres,0.0,,1
000004,baseline,0,xyz_rmse_m,0.0,10.0,metres,0.0,,1
000004,baseline,0,xyz_rmse_m,10.0,20.0,metres,0.0,,1
000004,baseline,0,xyz_rmse_m,20.0,40.0,metres,0.0,,1
000004,baseline,0,xyz_rmse_m,40.0,80.0,metres,0.0,,1
000004,baseline,0,xyz_rmse_m,80.0,,metres,,,0
000004,density_decrease,1,point_count,0.0,10.0,points/bin,59225.0,31.51190251317746,3
000004,density_decrease,1,point_count,10.0,20.0,points/bin,30365.666666666668,22.120880030716076,3
000004,density_decrease,1,point_count,20.0,40.0,points/bin,15380.0,40.11234224026316,3
000004,density_decrease,1,point_count,40.0,80.0,points/bin,4047.3333333333335,14.977761292440647,3
000004,density_decrease,1,point_count,80.0,,points/bin,0.0,0.0,3
000004,density_decrease,1,retention_percent,,,percent,94.00048285852245,0.0,3
000004,density_decrease,1,retention_percent,0.0,10.0,percent,93.97661097094618,0.05000222546957046,3
000004,density_decrease,1,retention_percent,10.0,20.0,percent,94.04337906614224,0.06850902793742591,3
000004,density_decrease,1,retention_percent,20.0,40.0,percent,94.00977995110026,0.24518546601628166,3
000004,density_decrease,1,retention_percent,40.0,80.0,percent,93.9928781545131,0.34783467934139345,3
000004,density_decrease,1,retention_percent,80.0,,percent,,,0
000004,density_decrease,2,point_count,0.0,10.0,points/bin,55450.333333333336,10.598742063723098,3
000004,density_decrease,2,point_count,10.0,20.0,points/bin,28402.0,23.811761799581316,3
000004,density_decrease,2,point_count,20.0,40.0,points/bin,14408.666666666666,38.630730427126714,3
000004,density_decrease,2,point_count,40.0,80.0,points/bin,3799.0,16.09347693943108,3
000004,density_decrease,2,point_count,80.0,,points/bin,0.0,0.0,3
000004,density_decrease,2,retention_percent,,,percent,88.0009657170449,0.0,3
000004,density_decrease,2,retention_percent,0.0,10.0,percent,87.9870730920381,0.016817794169757514,3
000004,density_decrease,2,retention_percent,10.0,20.0,percent,87.96184459103718,0.07374573941460229,3
000004,density_decrease,2,retention_percent,20.0,40.0,percent,88.0725346373268,0.23612915909001314,3
000004,density_decrease,2,retention_percent,40.0,80.0,percent,88.2257315373897,0.37374540035835835,3
000004,density_decrease,2,retention_percent,80.0,,percent,,,0
000004,density_decrease,3,point_count,0.0,10.0,points/bin,51717.0,24.879710609249457,3
000004,density_decrease,3,point_count,10.0,20.0,points/bin,26446.0,51.39066063011839,3
000004,density_decrease,3,point_count,20.0,40.0,points/bin,13414.333333333334,36.35014901390823,3
000004,density_decrease,3,point_count,40.0,80.0,points/bin,3523.6666666666665,29.091808698211484,3
000004,density_decrease,3,point_count,80.0,,points/bin,0.0,0.0,3
000004,density_decrease,3,retention_percent,,,percent,82.00058632820584,0.0,3
000004,density_decrease,3,retention_percent,0.0,10.0,percent,82.06312181653733,0.03947844466011354,3
000004,density_decrease,3,retention_percent,10.0,20.0,percent,81.90405401220228,0.15915841503335013,3
000004,density_decrease,3,retention_percent,20.0,40.0,percent,81.99470252648736,0.2221891749016417,3
000004,density_decrease,3,retention_percent,40.0,80.0,percent,81.8315528719616,0.6756109776639891,3
000004,density_decrease,3,retention_percent,80.0,,percent,,,0
000004,density_decrease,4,point_count,0.0,10.0,points/bin,47891.333333333336,54.42732157045148,3
000004,density_decrease,4,point_count,10.0,20.0,points/bin,24543.666666666668,4.725815626252609,3
000004,density_decrease,4,point_count,20.0,40.0,points/bin,12433.333333333334,54.50076452063157,3
000004,density_decrease,4,point_count,40.0,80.0,points/bin,3274.6666666666665,27.610384519838423,3
000004,density_decrease,4,point_count,80.0,,points/bin,0.0,0.0,3
000004,density_decrease,4,retention_percent,,,percent,76.00106918672829,0.0,3
000004,density_decrease,4,retention_percent,0.0,10.0,percent,75.99265853181214,0.08636378599268771,3
000004,density_decrease,4,retention_percent,10.0,20.0,percent,76.0124707072584,0.014635992524548606,3
000004,density_decrease,4,retention_percent,20.0,40.0,percent,75.99837000814996,0.33313425746107456,3
000004,density_decrease,4,retention_percent,40.0,80.0,percent,76.04892398204056,0.6412072577760909,3
000004,density_decrease,4,retention_percent,80.0,,percent,,,0
000004,density_decrease,5,point_count,0.0,10.0,points/bin,44096.333333333336,57.500724633115134,3
000004,density_decrease,5,point_count,10.0,20.0,points/bin,22630.666666666668,25.02665245959462,3
000004,density_decrease,5,point_count,20.0,40.0,points/bin,11444.333333333334,69.58687615731384,3
000004,density_decrease,5,point_count,40.0,80.0,points/bin,3012.6666666666665,34.486712417006835,3
000004,density_decrease,5,point_count,80.0,,points/bin,0.0,0.0,3
000004,density_decrease,5,retention_percent,,,percent,70.00068979788922,0.0,3
000004,density_decrease,5,retention_percent,0.0,10.0,percent,69.97085627542143,0.09124057795515503,3
000004,density_decrease,5,retention_percent,10.0,20.0,percent,70.08785241619954,0.07750829217254586,3
000004,density_decrease,5,retention_percent,20.0,40.0,percent,69.95313773431133,0.42534765377330674,3
000004,density_decrease,5,retention_percent,40.0,80.0,percent,69.96439077256541,0.8008990343011313,3
000004,density_decrease,5,retention_percent,80.0,,percent,,,0
000004,gaussian_noise,1,point_count,0.0,10.0,points/bin,63035.0,10.535653752852738,3
000004,gaussian_noise,1,point_count,10.0,20.0,points/bin,32271.0,9.16515138991168,3
000004,gaussian_noise,1,point_count,20.0,40.0,points/bin,16364.666666666666,3.2145502536643185,3
000004,gaussian_noise,1,point_count,40.0,80.0,points/bin,4305.0,2.0,3
000004,gaussian_noise,1,point_count,80.0,,points/bin,0.3333333333333333,0.5773502691896258,3
000004,gaussian_noise,1,xyz_rmse_m,,,metres,0.034652330458365625,1.678391896830369e-05,3
000004,gaussian_noise,1,xyz_rmse_m,0.0,10.0,metres,0.034636021243617254,2.8379733667094085e-05,3
000004,gaussian_noise,1,xyz_rmse_m,10.0,20.0,metres,0.034630332102841416,6.026256385562445e-05,3
000004,gaussian_noise,1,xyz_rmse_m,20.0,40.0,metres,0.03472305052453185,5.928364858026504e-05,3
000004,gaussian_noise,1,xyz_rmse_m,40.0,80.0,metres,0.03478517693818692,0.00033001661036100683,3
000004,gaussian_noise,1,xyz_rmse_m,80.0,,metres,,,0
000004,gaussian_noise,2,point_count,0.0,10.0,points/bin,63040.333333333336,14.433756729740644,3
000004,gaussian_noise,2,point_count,10.0,20.0,points/bin,32264.666666666668,12.701705922171765,3
000004,gaussian_noise,2,point_count,20.0,40.0,points/bin,16366.0,1.0,3
000004,gaussian_noise,2,point_count,40.0,80.0,points/bin,4304.0,0.0,3
000004,gaussian_noise,2,point_count,80.0,,points/bin,1.0,1.0,3
000004,gaussian_noise,2,xyz_rmse_m,,,metres,0.06930466080249975,3.35650425492666e-05,3
000004,gaussian_noise,2,xyz_rmse_m,0.0,10.0,metres,0.06927204282813985,5.675824356087632e-05,3
000004,gaussian_noise,2,xyz_rmse_m,10.0,20.0,metres,0.06926066560194848,0.00012052335209988593,3
000004,gaussian_noise,2,xyz_rmse_m,20.0,40.0,metres,0.06944610042722604,0.00011856052916399436,3
000004,gaussian_noise,2,xyz_rmse_m,40.0,80.0,metres,0.06957033785444879,0.0006600259600623222,3
000004,gaussian_noise,2,xyz_rmse_m,80.0,,metres,,,0
000004,gaussian_noise,3,point_count,0.0,10.0,points/bin,63040.333333333336,12.342339054382412,3
000004,gaussian_noise,3,point_count,10.0,20.0,points/bin,32266.333333333332,10.016652800877813,3
000004,gaussian_noise,3,point_count,20.0,40.0,points/bin,16366.333333333334,4.041451884327381,3
000004,gaussian_noise,3,point_count,40.0,80.0,points/bin,4302.0,1.7320508075688772,3
000004,gaussian_noise,3,point_count,80.0,,points/bin,1.0,1.0,3
000004,gaussian_noise,3,xyz_rmse_m,,,metres,0.1039569922235195,5.034854005669275e-05,3
000004,gaussian_noise,3,xyz_rmse_m,0.0,10.0,metres,0.10390806437909793,8.51374637185902e-05,3
000004,gaussian_noise,3,xyz_rmse_m,10.0,20.0,metres,0.10389099925162998,0.00018078666707562334,3
000004,gaussian_noise,3,xyz_rmse_m,20.0,40.0,metres,0.10416915294095319,0.00017784872373971378,3
000004,gaussian_noise,3,xyz_rmse_m,40.0,80.0,metres,0.10435551692139788,0.000990058973990489,3
000004,gaussian_noise,3,xyz_rmse_m,80.0,,metres,,,0
000004,gaussian_noise,4,point_count,0.0,10.0,points/bin,63044.333333333336,7.094598884597588,3
000004,gaussian_noise,4,point_count,10.0,20.0,points/bin,32257.333333333332,4.163331998932266,3
000004,gaussian_noise,4,point_count,20.0,40.0,points/bin,16371.333333333334,2.886751345948129,3
000004,gaussian_noise,4,point_count,40.0,80.0,points/bin,4301.666666666667,1.1547005383792517,3
000004,gaussian_noise,4,point_count,80.0,,points/bin,1.3333333333333333,0.5773502691896257,3
000004,gaussian_noise,4,xyz_rmse_m,,,metres,0.13860932345612761,6.713185791292486e-05,3
000004,gaussian_noise,4,xyz_rmse_m,0.0,10.0,metres,0.13854408592087206,0.00011351673313787539,3
000004,gaussian_noise,4,xyz_rmse_m,10.0,20.0,metres,0.1385213301495788,0.0002410492319463221,3
000004,gaussian_noise,4,xyz_rmse_m,20.0,40.0,metres,0.13889220711406566,0.00023712199163100468,3
000004,gaussian_noise,4,xyz_rmse_m,40.0,80.0,metres,0.13914070555335953,0.001320065357786433,3
000004,gaussian_noise,4,xyz_rmse_m,80.0,,metres,,,0
000004,gaussian_noise,5,point_count,0.0,10.0,points/bin,63038.666666666664,36.69241520169166,3
000004,gaussian_noise,5,point_count,10.0,20.0,points/bin,32261.0,33.406586176980134,3
000004,gaussian_noise,5,point_count,20.0,40.0,points/bin,16374.666666666666,2.5166114784235836,3
000004,gaussian_noise,5,point_count,40.0,80.0,points/bin,4299.666666666667,0.5773502691896257,3
000004,gaussian_noise,5,point_count,80.0,,points/bin,2.0,1.0,3
000004,gaussian_noise,5,xyz_rmse_m,,,metres,0.17326165376348282,8.391575584654097e-05,3
000004,gaussian_noise,5,xyz_rmse_m,0.0,10.0,metres,0.17318010715356957,0.00014189544971420935,3
000004,gaussian_noise,5,xyz_rmse_m,10.0,20.0,metres,0.1731516636283509,0.0003013104580512083,3
000004,gaussian_noise,5,xyz_rmse_m,20.0,40.0,metres,0.1736152561376093,0.00029640443395365394,3
000004,gaussian_noise,5,xyz_rmse_m,40.0,80.0,metres,0.1739258739482276,0.0016500972092288735,3
000004,gaussian_noise,5,xyz_rmse_m,80.0,,metres,,,0
000005,baseline,0,point_count,0.0,10.0,points/bin,50087.0,,1
000005,baseline,0,point_count,10.0,20.0,points/bin,52718.0,,1
000005,baseline,0,point_count,20.0,40.0,points/bin,18562.0,,1
000005,baseline,0,point_count,40.0,80.0,points/bin,3719.0,,1
000005,baseline,0,point_count,80.0,,points/bin,0.0,,1
000005,baseline,0,xyz_rmse_m,,,metres,0.0,,1
000005,baseline,0,xyz_rmse_m,0.0,10.0,metres,0.0,,1
000005,baseline,0,xyz_rmse_m,10.0,20.0,metres,0.0,,1
000005,baseline,0,xyz_rmse_m,20.0,40.0,metres,0.0,,1
000005,baseline,0,xyz_rmse_m,40.0,80.0,metres,0.0,,1
000005,baseline,0,xyz_rmse_m,80.0,,metres,,,0
000005,density_decrease,1,point_count,0.0,10.0,points/bin,47074.666666666664,48.01388688008223,3
000005,density_decrease,1,point_count,10.0,20.0,points/bin,49574.0,22.538855339169288,3
000005,density_decrease,1,point_count,20.0,40.0,points/bin,17439.0,29.30870177950569,3
000005,density_decrease,1,point_count,40.0,80.0,points/bin,3493.3333333333335,19.655363983740756,3
000005,density_decrease,1,point_count,80.0,,points/bin,0.0,0.0,3
000005,density_decrease,1,retention_percent,,,percent,94.00012791199656,1.7404671430534633e-14,3
000005,density_decrease,1,retention_percent,0.0,10.0,percent,93.98579804473549,0.09586097566251353,3
000005,density_decrease,1,retention_percent,10.0,20.0,percent,94.03619257179712,0.04275362369431511,3
000005,density_decrease,1,retention_percent,20.0,40.0,percent,93.95000538735049,0.15789624921617237,3
000005,density_decrease,1,retention_percent,40.0,80.0,percent,93.93206058976428,0.5285120727007427,3
000005,density_decrease,1,retention_percent,80.0,,percent,,,0
000005,density_decrease,2,point_count,0.0,10.0,points/bin,44084.666666666664,63.799164048859865,3
000005,density_decrease,2,point_count,10.0,20.0,points/bin,46400.0,40.0374824383352,3
000005,density_decrease,2,point_count,20.0,40.0,points/bin,16325.666666666666,41.63331998932265,3
000005,density_decrease,2,point_count,40.0,80.0,points/bin,3265.6666666666665,25.967928938083094,3
000005,density_decrease,2,point_count,80.0,,points/bin,0.0,0.0,3
000005,density_decrease,2,retention_percent,,,percent,88.00025582399309,0.0,3
000005,density_decrease,2,retention_percent,0.0,10.0,percent,88.01618517113555,0.12737669265250506,3
000005,density_decrease,2,retention_percent,10.0,20.0,percent,88.0154785841648,0.0759465124593762,3
000005,density_decrease,2,retention_percent,20.0,40.0,percent,87.95208849621089,0.2242932873037537,3
000005,density_decrease,2,retention_percent,40.0,80.0,percent,87.81034328224433,0.698250307558033,3
000005,density_decrease,2,retention_percent,80.0,,percent,,,0
000005,density_decrease,3,point_count,0.0,10.0,points/bin,41043.666666666664,114.34305109333638,3
000005,density_decrease,3,point_count,10.0,20.0,points/bin,43243.0,45.31004303683677,3
000005,density_decrease,3,point_count,20.0,40.0,points/bin,15240.333333333334,53.407240457950394,3
000005,density_decrease,3,point_count,40.0,80.0,points/bin,3044.0,20.29778313018444,3
000005,density_decrease,3,point_count,80.0,,points/bin,0.0,0.0,3
000005,density_decrease,3,retention_percent,,,percent,82.00038373598964,0.0,3
000005,density_decrease,3,retention_percent,0.0,10.0,percent,81.94474946925682,0.22828887953628343,3
000005,density_decrease,3,retention_percent,10.0,20.0,percent,82.02701164687583,0.08594795522750087,3
000005,density_decrease,3,retention_percent,20.0,40.0,percent,82.10501741909995,0.2877235236394235,3
000005,density_decrease,3,retention_percent,40.0,80.0,percent,81.84995966657704,0.5457860481361773,3
000005,density_decrease,3,retention_percent,80.0,,percent,,,0
000005,density_decrease,4,point_count,0.0,10.0,points/bin,38009.666666666664,91.59330397650984,3
000005,density_decrease,4,point_count,10.0,20.0,points/bin,40094.666666666664,29.26317367158479,3
000005,density_decrease,4,point_count,20.0,40.0,points/bin,14141.666666666666,40.62429486567531,3
000005,density_decrease,4,point_count,40.0,80.0,points/bin,2820.0,24.576411454889016,3
000005,density_decrease,4,point_count,80.0,,points/bin,0.0,0.0,3
000005,density_decrease,4,retention_percent,,,percent,76.00051164798619,0.0,3
000005,density_decrease,4,retention_percent,0.0,10.0,percent,75.88728944969087,0.18286841690760114,3
000005,density_decrease,4,retention_percent,10.0,20.0,percent,76.0549843823109,0.055508884387844216,3
000005,density_decrease,4,retention_percent,20.0,40.0,percent,76.18611500197535,0.21885731529832542,3
000005,density_decrease,4,retention_percent,40.0,80.0,percent,75.82683517074481,0.6608338654178263,3
000005,density_decrease,4,retention_percent,80.0,,percent,,,0
000005,density_decrease,5,point_count,0.0,10.0,points/bin,35014.333333333336,38.42308333974947,3
000005,density_decrease,5,point_count,10.0,20.0,points/bin,36936.333333333336,51.79124765183141,3
000005,density_decrease,5,point_count,20.0,40.0,points/bin,13025.666666666666,67.17390366305455,3
000005,density_decrease,5,point_count,40.0,80.0,points/bin,2584.6666666666665,19.857828011475306,3
000005,density_decrease,5,point_count,80.0,,points/bin,0.0,0.0,3
000005,density_decrease,5,retention_percent,,,percent,70.00063955998273,0.0,3
000005,density_decrease,5,retention_percent,0.0,10.0,percent,69.90702843718596,0.07671268660480902,3
000005,density_decrease,5,retention_percent,10.0,20.0,percent,70.06398826460286,0.09824205708075118,3
000005,density_decrease,5,retention_percent,20.0,40.0,percent,70.17383184283302,0.36188936355487206,3
000005,density_decrease,5,retention_percent,40.0,80.0,percent,69.49896925696872,0.5339561175443739,3
000005,density_decrease,5,retention_percent,80.0,,percent,,,0
000005,gaussian_noise,1,point_count,0.0,10.0,points/bin,50085.666666666664,12.096831541082704,3
000005,gaussian_noise,1,point_count,10.0,20.0,points/bin,52716.666666666664,10.503967504392488,3
000005,gaussian_noise,1,point_count,20.0,40.0,points/bin,18564.0,7.211102550927978,3
000005,gaussian_noise,1,point_count,40.0,80.0,points/bin,3719.6666666666665,1.5275252316519465,3
000005,gaussian_noise,1,point_count,80.0,,points/bin,0.0,0.0,3
000005,gaussian_noise,1,xyz_rmse_m,,,metres,0.03465577121798649,2.0075515829349094e-05,3
000005,gaussian_noise,1,xyz_rmse_m,0.0,10.0,metres,0.03462543921545214,4.1724287884296326e-05,3
000005,gaussian_noise,1,xyz_rmse_m,10.0,20.0,metres,0.034659750819947086,4.253369479938479e-05,3
000005,gaussian_noise,1,xyz_rmse_m,20.0,40.0,metres,0.0347155027442461,9.545036963520218e-05,3
000005,gaussian_noise,1,xyz_rmse_m,40.0,80.0,metres,0.03470844318781374,6.249631495059679e-05,3
000005,gaussian_noise,1,xyz_rmse_m,80.0,,metres,,,0
000005,gaussian_noise,2,point_count,0.0,10.0,points/bin,50070.0,6.0,3
000005,gaussian_noise,2,point_count,10.0,20.0,points/bin,52735.666666666664,6.8068592855540455,3
000005,gaussian_noise,2,point_count,20.0,40.0,points/bin,18558.666666666668,9.451631252505218,3
000005,gaussian_noise,2,point_count,40.0,80.0,points/bin,3721.6666666666665,0.5773502691896258,3
000005,gaussian_noise,2,point_count,80.0,,points/bin,0.0,0.0,3
000005,gaussian_noise,2,xyz_rmse_m,,,metres,0.06931154156312586,4.0150786746703674e-05,3
000005,gaussian_noise,2,xyz_rmse_m,0.0,10.0,metres,0.06925087795977362,8.344911756881159e-05,3
000005,gaussian_noise,2,xyz_rmse_m,10.0,20.0,metres,0.0693195002901837,8.50684409782407e-05,3
000005,gaussian_noise,2,xyz_rmse_m,20.0,40.0,metres,0.06943100120018288,0.00019090324090260477,3
000005,gaussian_noise,2,xyz_rmse_m,40.0,80.0,metres,0.0694169038512555,0.00012500158368000428,3
000005,gaussian_noise,2,xyz_rmse_m,80.0,,metres,,,0
000005,gaussian_noise,3,point_count,0.0,10.0,points/bin,50064.0,3.0,3
000005,gaussian_noise,3,point_count,10.0,20.0,points/bin,52735.333333333336,11.372481406154654,3
000005,gaussian_noise,3,point_count,20.0,40.0,points/bin,18566.666666666668,13.503086067019394,3
000005,gaussian_noise,3,point_count,40.0,80.0,points/bin,3719.6666666666665,0.5773502691896258,3
000005,gaussian_noise,3,point_count,80.0,,points/bin,0.3333333333333333,0.5773502691896258,3
000005,gaussian_noise,3,xyz_rmse_m,,,metres,0.10396731385230196,6.022574418636407e-05,3
000005,gaussian_noise,3,xyz_rmse_m,0.0,10.0,metres,0.10387631695647694,0.00012517391839515904,3
000005,gaussian_noise,3,xyz_rmse_m,10.0,20.0,metres,0.10397925189291628,0.00012760260486564817,3
000005,gaussian_noise,3,xyz_rmse_m,20.0,40.0,metres,0.1041465079378336,0.0002863524761235969,3
000005,gaussian_noise,3,xyz_rmse_m,40.0,80.0,metres,0.10412535493204256,0.00018749454348462465,3
000005,gaussian_noise,3,xyz_rmse_m,80.0,,metres,,,0
000005,gaussian_noise,4,point_count,0.0,10.0,points/bin,50069.333333333336,12.662279942148386,3
000005,gaussian_noise,4,point_count,10.0,20.0,points/bin,52725.333333333336,15.50268793897798,3
000005,gaussian_noise,4,point_count,20.0,40.0,points/bin,18571.666666666668,9.073771725877465,3
000005,gaussian_noise,4,point_count,40.0,80.0,points/bin,3718.0,1.0,3
000005,gaussian_noise,4,point_count,80.0,,points/bin,1.6666666666666667,1.1547005383792517,3
000005,gaussian_noise,4,xyz_rmse_m,,,metres,0.1386230847301155,8.030067251668549e-05,3
000005,gaussian_noise,4,xyz_rmse_m,0.0,10.0,metres,0.13850175600921807,0.00016689816843841462,3
000005,gaussian_noise,4,xyz_rmse_m,10.0,20.0,metres,0.1386390037810511,0.00017013705489678062,3
000005,gaussian_noise,4,xyz_rmse_m,20.0,40.0,metres,0.13886200529312379,0.00038180791067529327,3
000005,gaussian_noise,4,xyz_rmse_m,40.0,80.0,metres,0.1388338005957032,0.0002499955523175622,3
000005,gaussian_noise,4,xyz_rmse_m,80.0,,metres,,,0
000005,gaussian_noise,5,point_count,0.0,10.0,points/bin,50057.666666666664,5.507570547286102,3
000005,gaussian_noise,5,point_count,10.0,20.0,points/bin,52733.333333333336,3.214550253664318,3
000005,gaussian_noise,5,point_count,20.0,40.0,points/bin,18575.333333333332,3.7859388972001824,3
000005,gaussian_noise,5,point_count,40.0,80.0,points/bin,3718.0,1.0,3
000005,gaussian_noise,5,point_count,80.0,,points/bin,1.6666666666666667,1.1547005383792517,3
000005,gaussian_noise,5,xyz_rmse_m,,,metres,0.1732788551120806,0.00010037579823363154,3
000005,gaussian_noise,5,xyz_rmse_m,0.0,10.0,metres,0.17312719507568552,0.0002086220016405325,3
000005,gaussian_noise,5,xyz_rmse_m,10.0,20.0,metres,0.17329875312578183,0.0002126722479645927,3
000005,gaussian_noise,5,xyz_rmse_m,20.0,40.0,metres,0.17357750809311032,0.00047725408747677494,3
000005,gaussian_noise,5,xyz_rmse_m,40.0,80.0,metres,0.1735422383255764,0.0003124987308533091,3
000005,gaussian_noise,5,xyz_rmse_m,80.0,,metres,,,0
000006,baseline,0,point_count,0.0,10.0,points/bin,59596.0,,1
000006,baseline,0,point_count,10.0,20.0,points/bin,30390.0,,1
000006,baseline,0,point_count,20.0,40.0,points/bin,14042.0,,1
000006,baseline,0,point_count,40.0,80.0,points/bin,6061.0,,1
000006,baseline,0,point_count,80.0,,points/bin,0.0,,1
000006,baseline,0,xyz_rmse_m,,,metres,0.0,,1
000006,baseline,0,xyz_rmse_m,0.0,10.0,metres,0.0,,1
000006,baseline,0,xyz_rmse_m,10.0,20.0,metres,0.0,,1
000006,baseline,0,xyz_rmse_m,20.0,40.0,metres,0.0,,1
000006,baseline,0,xyz_rmse_m,40.0,80.0,metres,0.0,,1
000006,baseline,0,xyz_rmse_m,80.0,,metres,,,0
000006,density_decrease,1,point_count,0.0,10.0,points/bin,55991.666666666664,77.86098723579951,3
000006,density_decrease,1,point_count,10.0,20.0,points/bin,28569.0,54.945427471264615,3
000006,density_decrease,1,point_count,20.0,40.0,points/bin,13221.0,11.532562594670797,3
000006,density_decrease,1,point_count,40.0,80.0,points/bin,5702.333333333333,14.153915830374764,3
000006,density_decrease,1,point_count,80.0,,points/bin,0.0,0.0,3
000006,density_decrease,1,retention_percent,,,percent,94.00030884102863,0.0,3
000006,density_decrease,1,retention_percent,0.0,10.0,percent,93.95205494775935,0.13064800865124698,3
000006,density_decrease,1,retention_percent,10.0,20.0,percent,94.00789733464956,0.18080101175144972,3
000006,density_decrease,1,retention_percent,20.0,40.0,percent,94.15325452214783,0.08212905992501565,3
000006,density_decrease,1,retention_percent,40.0,80.0,percent,94.08238464499807,0.23352443211309282,3
000006,density_decrease,1,retention_percent,80.0,,percent,,,0
000006,density_decrease,2,point_count,0.0,10.0,points/bin,52399.0,63.21392251711643,3
000006,density_decrease,2,point_count,10.0,20.0,points/bin,26767.0,89.15155635209068,3
000006,density_decrease,2,point_count,20.0,40.0,points/bin,12350.666666666666,20.207259421636902,3
000006,density_decrease,2,point_count,40.0,80.0,points/bin,5362.333333333333,6.6583281184793925,3
000006,density_decrease,2,point_count,80.0,,points/bin,0.0,0.0,3
000006,density_decrease,2,retention_percent,,,percent,88.00061768205724,0.0,3
000006,density_decrease,2,retention_percent,0.0,10.0,percent,87.92368615343311,0.1060707472265162,3
000006,density_decrease,2,retention_percent,10.0,20.0,percent,88.07831523527477,0.2933581979338307,3
000006,density_decrease,2,retention_percent,20.0,40.0,percent,87.95518207282913,0.14390584974816156,3
000006,density_decrease,2,retention_percent,40.0,80.0,percent,88.47274927129736,0.10985527336214311,3
000006,density_decrease,2,retention_percent,80.0,,percent,,,0
000006,density_decrease,3,point_count,0.0,10.0,points/bin,48806.666666666664,33.291640592396966,3
000006,density_decrease,3,point_count,10.0,20.0,points/bin,24971.333333333332,73.79250187744913,3
000006,density_decrease,3,point_count,20.0,40.0,points/bin,11517.0,27.2213151776324,3
000006,density_decrease,3,point_count,40.0,80.0,points/bin,4979.0,19.974984355438178,3
000006,density_decrease,3,point_count,80.0,,points/bin,0.0,0.0,3
000006,density_decrease,3,retention_percent,,,percent,82.00092652308587,0.0,3
000006,density_decrease,3,retention_percent,0.0,10.0,percent,81.89587668076156,0.05586220651116692,3
000006,density_decrease,3,retention_percent,10.0,20.0,percent,82.16957332455851,0.24281836748090874,3
000006,density_decrease,3,retention_percent,20.0,40.0,percent,82.01823102122205,0.19385639636542196,3
000006,density_decrease,3,retention_percent,40.0,80.0,percent,82.14816036957598,0.32956582008643037,3
000006,density_decrease,3,retention_percent,80.0,,percent,,,0
000006,density_decrease,4,point_count,0.0,10.0,points/bin,45214.666666666664,26.72701504720146,3
000006,density_decrease,4,point_count,10.0,20.0,points/bin,23173.666666666668,99.02693236354104,3
000006,density_decrease,4,point_count,20.0,40.0,points/bin,10665.333333333334,42.19399641339196,3
000006,density_decrease,4,point_count,40.0,80.0,points/bin,4615.333333333333,30.924639582917266,3
000006,density_decrease,4,point_count,80.0,,points/bin,0.0,0.0,3
000006,density_decrease,4,retention_percent,,,percent,76.00123536411449,0.0,3
000006,density_decrease,4,retention_percent,0.0,10.0,percent,75.86862652974473,0.044846994843946414,3
000006,density_decrease,4,retention_percent,10.0,20.0,percent,76.25425030163431,0.32585367674741517,3
000006,density_decrease,4,retention_percent,20.0,40.0,percent,75.95309310164744,0.30048423595920615,3
000006,density_decrease,4,retention_percent,40.0,80.0,percent,76.14805037672551,0.510223388597874,3
000006,density_decrease,4,retention_percent,80.0,,percent,,,0
000006,density_decrease,5,point_count,0.0,10.0,points/bin,41653.666666666664,50.292477900112786,3
000006,density_decrease,5,point_count,10.0,20.0,points/bin,21355.0,68.5054742338158,3
000006,density_decrease,5,point_count,20.0,40.0,points/bin,9812.333333333334,55.71654452075553,3
000006,density_decrease,5,point_count,40.0,80.0,points/bin,4242.0,8.660254037844387,3
000006,density_decrease,5,point_count,80.0,,points/bin,0.0,0.0,3
000006,density_decrease,5,retention_percent,,,percent,70.00063584917658,0.0,3
000006,density_decrease,5,retention_percent,0.0,10.0,percent,69.89339329261472,0.08438901587373472,3
000006,density_decrease,5,retention_percent,10.0,20.0,percent,70.26982560052649,0.22542110639623483,3
000006,density_decrease,5,retention_percent,20.0,40.0,percent,69.87845985851968,0.3967849631160444,3
000006,density_decrease,5,retention_percent,40.0,80.0,percent,69.9884507507012,0.14288490410566704,3
000006,density_decrease,5,retention_percent,80.0,,percent,,,0
000006,gaussian_noise,1,point_count,0.0,10.0,points/bin,59600.333333333336,16.50252505931542,3
000006,gaussian_noise,1,point_count,10.0,20.0,points/bin,30386.0,12.529964086141668,3
000006,gaussian_noise,1,point_count,20.0,40.0,points/bin,14041.666666666666,3.2145502536643185,3
000006,gaussian_noise,1,point_count,40.0,80.0,points/bin,6061.0,1.0,3
000006,gaussian_noise,1,point_count,80.0,,points/bin,0.0,0.0,3
000006,gaussian_noise,1,xyz_rmse_m,,,metres,0.034653980158197144,1.0276342586079337e-05,3
000006,gaussian_noise,1,xyz_rmse_m,0.0,10.0,metres,0.03462102655966828,4.287734281844817e-05,3
000006,gaussian_noise,1,xyz_rmse_m,10.0,20.0,metres,0.03465859785007668,8.645974737190973e-05,3
000006,gaussian_noise,1,xyz_rmse_m,20.0,40.0,metres,0.03480181385883756,3.1682751186024034e-05,3
000006,gaussian_noise,1,xyz_rmse_m,40.0,80.0,metres,0.03461057399833206,0.00018411890311358596,3
000006,gaussian_noise,1,xyz_rmse_m,80.0,,metres,,,0
000006,gaussian_noise,2,point_count,0.0,10.0,points/bin,59583.0,11.789826122551595,3
000006,gaussian_noise,2,point_count,10.0,20.0,points/bin,30402.0,7.54983443527075,3
000006,gaussian_noise,2,point_count,20.0,40.0,points/bin,14041.666666666666,2.081665999466133,3
000006,gaussian_noise,2,point_count,40.0,80.0,points/bin,6062.333333333333,2.3094010767585034,3
000006,gaussian_noise,2,point_count,80.0,,points/bin,0.0,0.0,3
000006,gaussian_noise,2,xyz_rmse_m,,,metres,0.06930796036046759,2.0554205723556747e-05,3
000006,gaussian_noise,2,xyz_rmse_m,0.0,10.0,metres,0.06924205337639623,8.575423485478118e-05,3
000006,gaussian_noise,2,xyz_rmse_m,10.0,20.0,metres,0.06931719596146739,0.00017291827743534522,3
000006,gaussian_noise,2,xyz_rmse_m,20.0,40.0,metres,0.06960362806682034,6.337239290056153e-05,3
000006,gaussian_noise,2,xyz_rmse_m,40.0,80.0,metres,0.0692211440961588,0.00036825410812366593,3
000006,gaussian_noise,2,xyz_rmse_m,80.0,,metres,,,0
000006,gaussian_noise,3,point_count,0.0,10.0,points/bin,59581.333333333336,15.275252316519467,3
000006,gaussian_noise,3,point_count,10.0,20.0,points/bin,30398.333333333332,13.279056191361391,3
000006,gaussian_noise,3,point_count,20.0,40.0,points/bin,14045.0,4.0,3
000006,gaussian_noise,3,point_count,40.0,80.0,points/bin,6064.333333333333,1.5275252316519468,3
000006,gaussian_noise,3,point_count,80.0,,points/bin,0.0,0.0,3
000006,gaussian_noise,3,xyz_rmse_m,,,metres,0.10396194206215988,3.082996795120192e-05,3
000006,gaussian_noise,3,xyz_rmse_m,0.0,10.0,metres,0.1038630796725404,0.0001286315469803338,3
000006,gaussian_noise,3,xyz_rmse_m,10.0,20.0,metres,0.10397579654817295,0.00025937706526206787,3
000006,gaussian_noise,3,xyz_rmse_m,20.0,40.0,metres,0.10440544264731133,9.505470903424996e-05,3
000006,gaussian_noise,3,xyz_rmse_m,40.0,80.0,metres,0.10383173335834085,0.0005523683884675758,3
000006,gaussian_noise,3,xyz_rmse_m,80.0,,metres,,,0
000006,gaussian_noise,4,point_count,0.0,10.0,points/bin,59584.0,12.767145334803704,3
000006,gaussian_noise,4,point_count,10.0,20.0,points/bin,30393.333333333332,12.423096769056148,3
000006,gaussian_noise,4,point_count,20.0,40.0,points/bin,14047.333333333334,4.163331998932265,3
000006,gaussian_noise,4,point_count,40.0,80.0,points/bin,6063.666666666667,1.5275252316519468,3
000006,gaussian_noise,4,point_count,80.0,,points/bin,0.6666666666666666,0.5773502691896258,3
000006,gaussian_noise,4,xyz_rmse_m,,,metres,0.13861592238322712,4.110814056023535e-05,3
000006,gaussian_noise,4,xyz_rmse_m,0.0,10.0,metres,0.13848410638989128,0.00017150832103971034,3
000006,gaussian_noise,4,xyz_rmse_m,10.0,20.0,metres,0.1386343954566139,0.000345837472684058,3
000006,gaussian_noise,4,xyz_rmse_m,20.0,40.0,metres,0.1392072540657725,0.00012673603836917377,3
000006,gaussian_noise,4,xyz_rmse_m,40.0,80.0,metres,0.13844230908805344,0.0007365037670293163,3
000006,gaussian_noise,4,xyz_rmse_m,80.0,,metres,,,0
000006,gaussian_noise,5,point_count,0.0,10.0,points/bin,59586.0,16.522711641858304,3
000006,gaussian_noise,5,point_count,10.0,20.0,points/bin,30390.0,14.422205101855956,3
000006,gaussian_noise,5,point_count,20.0,40.0,points/bin,14050.333333333334,2.081665999466133,3
000006,gaussian_noise,5,point_count,40.0,80.0,points/bin,6061.0,3.605551275463989,3
000006,gaussian_noise,5,point_count,80.0,,points/bin,1.6666666666666667,1.5275252316519468,3
000006,gaussian_noise,5,xyz_rmse_m,,,metres,0.17326990260737699,5.138399026410093e-05,3
000006,gaussian_noise,5,xyz_rmse_m,0.0,10.0,metres,0.1731051331053063,0.000214386006616698,3
000006,gaussian_noise,5,xyz_rmse_m,10.0,20.0,metres,0.173292993282424,0.00043229465630472574,3
000006,gaussian_noise,5,xyz_rmse_m,20.0,40.0,metres,0.17400906878535158,0.00015842534416276132,3
000006,gaussian_noise,5,xyz_rmse_m,40.0,80.0,metres,0.17305288088433635,0.0009206209418851801,3
000006,gaussian_noise,5,xyz_rmse_m,80.0,,metres,,,0
000007,baseline,0,point_count,0.0,10.0,points/bin,52907.0,,1
000007,baseline,0,point_count,10.0,20.0,points/bin,37739.0,,1
000007,baseline,0,point_count,20.0,40.0,points/bin,24978.0,,1
000007,baseline,0,point_count,40.0,80.0,points/bin,7174.0,,1
000007,baseline,0,point_count,80.0,,points/bin,0.0,,1
000007,baseline,0,xyz_rmse_m,,,metres,0.0,,1
000007,baseline,0,xyz_rmse_m,0.0,10.0,metres,0.0,,1
000007,baseline,0,xyz_rmse_m,10.0,20.0,metres,0.0,,1
000007,baseline,0,xyz_rmse_m,20.0,40.0,metres,0.0,,1
000007,baseline,0,xyz_rmse_m,40.0,80.0,metres,0.0,,1
000007,baseline,0,xyz_rmse_m,80.0,,metres,,,0
000007,density_decrease,1,point_count,0.0,10.0,points/bin,49697.333333333336,24.785748593361735,3
000007,density_decrease,1,point_count,10.0,20.0,points/bin,35454.333333333336,27.227437142216182,3
000007,density_decrease,1,point_count,20.0,40.0,points/bin,23525.0,20.808652046684813,3
000007,density_decrease,1,point_count,40.0,80.0,points/bin,6754.333333333333,23.43786110832926,3
000007,density_decrease,1,point_count,80.0,,points/bin,0.0,0.0,3
000007,density_decrease,1,retention_percent,,,percent,94.00071662404925,0.0,3
000007,density_decrease,1,retention_percent,0.0,10.0,percent,93.93337995602344,0.0468477679576665,3
000007,density_decrease,1,retention_percent,10.0,20.0,percent,93.94613883074096,0.07214668417874451,3
000007,density_decrease,1,retention_percent,20.0,40.0,percent,94.182880935223,0.08330791915559785,3
000007,density_decrease,1,retention_percent,40.0,80.0,percent,94.15017191710808,0.3267056190176907,3
000007,density_decrease,1,retention_percent,80.0,,percent,,,0
000007,density_decrease,2,point_count,0.0,10.0,points/bin,46527.666666666664,98.59175083815752,3
000007,density_decrease,2,point_count,10.0,20.0,points/bin,33219.666666666664,40.525712002793156,3
000007,density_decrease,2,point_count,20.0,40.0,points/bin,22015.333333333332,56.85361319505853,3
000007,density_decrease,2,point_count,40.0,80.0,points/bin,6300.333333333333,23.797758998135375,3
000007,density_decrease,2,point_count,80.0,,points/bin,0.0,0.0,3
000007,density_decrease,2,retention_percent,,,percent,88.00061890258799,0.0,3
000007,density_decrease,2,retention_percent,0.0,10.0,percent,87.94236427441865,0.18634916143072852,3
000007,density_decrease,2,retention_percent,10.0,20.0,percent,88.02476659865567,0.10738417022918853,3
000007,density_decrease,2,retention_percent,20.0,40.0,percent,88.13889556142739,0.22761475376354987,3
000007,density_decrease,2,retention_percent,40.0,80.0,percent,87.82176377660069,0.3317223166732014,3
000007,density_decrease,2,retention_percent,80.0,,percent,,,0
000007,density_decrease,3,point_count,0.0,10.0,points/bin,43358.666666666664,105.39607835841585,3
000007,density_decrease,3,point_count,10.0,20.0,points/bin,30969.333333333332,19.347695814575268,3
000007,density_decrease,3,point_count,20.0,40.0,points/bin,20521.0,70.37755323965163,3
000007,density_decrease,3,point_count,40.0,80.0,points/bin,5846.0,37.5099986670221,3
000007,density_decrease,3,point_count,80.0,,points/bin,0.0,0.0,3
000007,density_decrease,3,retention_percent,,,percent,82.00052118112673,0.0,3
000007,density_decrease,3,retention_percent,0.0,10.0,percent,81.95260866552,0.19921008251916625,3
000007,density_decrease,3,retention_percent,10.0,20.0,percent,82.06188116625594,0.051267113104672406,3
000007,density_decrease,3,retention_percent,20.0,40.0,percent,82.15629754183682,0.2817581601395306,3
000007,density_decrease,3,retention_percent,40.0,80.0,percent,81.48870922776693,0.5228603103850286,3
000007,density_decrease,3,retention_percent,80.0,,percent,,,0
000007,density_decrease,4,point_count,0.0,10.0,points/bin,40162.333333333336,62.002688113769175,3
000007,density_decrease,4,point_count,10.0,20.0,points/bin,28682.0,49.27473997901968,3
000007,density_decrease,4,point_count,20.0,40.0,points/bin,19061.0,83.5224520712844,3
000007,density_decrease,4,point_count,40.0,80.0,points/bin,5421.666666666667,45.36885862938733,3
000007,density_decrease,4,point_count,80.0,,points/bin,0.0,0.0,3
000007,density_decrease,4,retention_percent,,,percent,76.00042345966547,0.0,3
000007,density_decrease,4,retention_percent,0.0,10.0,percent,75.91119007566736,0.11719184250433216,3
000007,density_decrease,4,retention_percent,10.0,20.0,percent,76.00095392034765,0.13056715858666113,3
000007,density_decrease,4,retention_percent,20.0,40.0,percent,76.31115381535751,0.33438406626345585,3
000007,density_decrease,4,retention_percent,40.0,80.0,percent,75.57383142830592,0.6324067274796096,3
000007,density_decrease,4,retention_percent,80.0,,percent,,,0
000007,density_decrease,5,point_count,0.0,10.0,points/bin,36958.666666666664,29.50141239556732,3
000007,density_decrease,5,point_count,10.0,20.0,points/bin,26427.0,56.50663677834667,3
000007,density_decrease,5,point_count,20.0,40.0,points/bin,17572.0,59.632206063502295,3
000007,density_decrease,5,point_count,40.0,80.0,points/bin,5001.333333333333,28.0237994093116,3
000007,density_decrease,5,point_count,80.0,,points/bin,0.0,0.0,3
000007,density_decrease,5,retention_percent,,,percent,70.00032573820421,0.0,3
000007,density_decrease,5,retention_percent,0.0,10.0,percent,69.85591068604658,0.055760886830792236,3
000007,density_decrease,5,retention_percent,10.0,20.0,percent,70.02570285381171,0.14973008500052223,3
000007,density_decrease,5,retention_percent,20.0,40.0,percent,70.3499079189687,0.23873891449876375,3
000007,density_decrease,5,retention_percent,40.0,80.0,percent,69.71471052876127,0.3906300447353182,3
000007,density_decrease,5,retention_percent,80.0,,percent,,,0
000007,gaussian_noise,1,point_count,0.0,10.0,points/bin,52907.666666666664,7.571877794400366,3
000007,gaussian_noise,1,point_count,10.0,20.0,points/bin,37735.333333333336,13.051181300301263,3
000007,gaussian_noise,1,point_count,20.0,40.0,points/bin,24980.666666666668,8.621678104251709,3
000007,gaussian_noise,1,point_count,40.0,80.0,points/bin,7174.333333333333,2.5166114784235836,3
000007,gaussian_noise,1,point_count,80.0,,points/bin,0.0,0.0,3
000007,gaussian_noise,1,xyz_rmse_m,,,metres,0.03465555147364086,1.4651338844465116e-05,3
000007,gaussian_noise,1,xyz_rmse_m,0.0,10.0,metres,0.03463160119625293,5.342606954155447e-05,3
000007,gaussian_noise,1,xyz_rmse_m,10.0,20.0,metres,0.03467656754828053,7.594334883532978e-05,3
000007,gaussian_noise,1,xyz_rmse_m,20.0,40.0,metres,0.03464838562464648,4.7588914096879786e-05,3
000007,gaussian_noise,1,xyz_rmse_m,40.0,80.0,metres,0.03474567176615903,0.00012644316655122584,3
000007,gaussian_noise,1,xyz_rmse_m,80.0,,metres,,,0
000007,gaussian_noise,2,point_count,0.0,10.0,points/bin,52905.0,8.888194417315589,3
000007,gaussian_noise,2,point_count,10.0,20.0,points/bin,37742.0,12.288205727444508,3
000007,gaussian_noise,2,point_count,20.0,40.0,points/bin,24976.0,11.135528725660043,3
000007,gaussian_noise,2,point_count,40.0,80.0,points/bin,7174.333333333333,4.163331998932265,3
000007,gaussian_noise,2,point_count,80.0,,points/bin,0.6666666666666666,0.5773502691896258,3
000007,gaussian_noise,2,xyz_rmse_m,,,metres,0.06931110092891492,2.93001391296854e-05,3
000007,gaussian_noise,2,xyz_rmse_m,0.0,10.0,metres,0.06926320232950552,0.00010685241417245616,3
000007,gaussian_noise,2,xyz_rmse_m,10.0,20.0,metres,0.0693531339623009,0.00015188792595675308,3
000007,gaussian_noise,2,xyz_rmse_m,20.0,40.0,metres,0.06929676328160513,9.517543035673398e-05,3
000007,gaussian_noise,2,xyz_rmse_m,40.0,80.0,metres,0.06949134313668341,0.0002528873050123228,3
000007,gaussian_noise,2,xyz_rmse_m,80.0,,metres,,,0
000007,gaussian_noise,3,point_count,0.0,10.0,points/bin,52913.333333333336,7.234178138070236,3
000007,gaussian_noise,3,point_count,10.0,20.0,points/bin,37734.666666666664,17.009801096230767,3
000007,gaussian_noise,3,point_count,20.0,40.0,points/bin,24976.666666666668,12.662279942148386,3
000007,gaussian_noise,3,point_count,40.0,80.0,points/bin,7172.666666666667,5.131601439446884,3
000007,gaussian_noise,3,point_count,80.0,,points/bin,0.6666666666666666,0.5773502691896258,3
000007,gaussian_noise,3,xyz_rmse_m,,,metres,0.1039666526816962,4.395216006898393e-05,3
000007,gaussian_noise,3,xyz_rmse_m,0.0,10.0,metres,0.10389480318172623,0.00016027852905257437,3
000007,gaussian_noise,3,xyz_rmse_m,10.0,20.0,metres,0.10402970215496372,0.00022782978228824252,3
000007,gaussian_noise,3,xyz_rmse_m,20.0,40.0,metres,0.10394514968623352,0.00014276732230926125,3
000007,gaussian_noise,3,xyz_rmse_m,40.0,80.0,metres,0.10423701609482398,0.0003793371990435808,3
000007,gaussian_noise,3,xyz_rmse_m,80.0,,metres,,,0
000007,gaussian_noise,4,point_count,0.0,10.0,points/bin,52912.666666666664,2.5166114784235836,3
000007,gaussian_noise,4,point_count,10.0,20.0,points/bin,37735.333333333336,14.047538337136986,3
000007,gaussian_noise,4,point_count,20.0,40.0,points/bin,24975.333333333332,16.772994167212165,3
000007,gaussian_noise,4,point_count,40.0,80.0,points/bin,7173.666666666667,7.505553499465135,3
000007,gaussian_noise,4,point_count,80.0,,points/bin,1.0,0.0,3
000007,gaussian_noise,4,xyz_rmse_m,,,metres,0.13862220395800795,5.860176255299697e-05,3
000007,gaussian_noise,4,xyz_rmse_m,0.0,10.0,metres,0.13852640492328164,0.0002137052649957127,3
000007,gaussian_noise,4,xyz_rmse_m,10.0,20.0,metres,0.1387062715148954,0.000303773288321508,3
000007,gaussian_noise,4,xyz_rmse_m,20.0,40.0,metres,0.13859352973976538,0.0001903566548021762,3
000007,gaussian_noise,4,xyz_rmse_m,40.0,80.0,metres,0.13898269025648108,0.0005057980496717746,3
000007,gaussian_noise,4,xyz_rmse_m,80.0,,metres,,,0
000007,gaussian_noise,5,point_count,0.0,10.0,points/bin,52908.666666666664,8.504900548115383,3
000007,gaussian_noise,5,point_count,10.0,20.0,points/bin,37738.333333333336,28.148416178061126,3
000007,gaussian_noise,5,point_count,20.0,40.0,points/bin,24974.0,22.869193252058544,3
000007,gaussian_noise,5,point_count,40.0,80.0,points/bin,7176.0,5.5677643628300215,3
000007,gaussian_noise,5,point_count,80.0,,points/bin,1.0,0.0,3
000007,gaussian_noise,5,xyz_rmse_m,,,metres,0.1732777537086078,7.325188655987635e-05,3
000007,gaussian_noise,5,xyz_rmse_m,0.0,10.0,metres,0.17315800595513597,0.0002671306781980918,3
000007,gaussian_noise,5,xyz_rmse_m,10.0,20.0,metres,0.1733828383597227,0.00037971677180020984,3
000007,gaussian_noise,5,xyz_rmse_m,20.0,40.0,metres,0.17324191110270318,0.00023794369391252933,3
000007,gaussian_noise,5,xyz_rmse_m,40.0,80.0,metres,0.17372835233544426,0.000632229884954404,3
000007,gaussian_noise,5,xyz_rmse_m,80.0,,metres,,,0
000008,baseline,0,point_count,0.0,10.0,points/bin,75041.0,,1
000008,baseline,0,point_count,10.0,20.0,points/bin,35293.0,,1
000008,baseline,0,point_count,20.0,40.0,points/bin,10610.0,,1
000008,baseline,0,point_count,40.0,80.0,points/bin,1611.0,,1
000008,baseline,0,point_count,80.0,,points/bin,0.0,,1
000008,baseline,0,xyz_rmse_m,,,metres,0.0,,1
000008,baseline,0,xyz_rmse_m,0.0,10.0,metres,0.0,,1
000008,baseline,0,xyz_rmse_m,10.0,20.0,metres,0.0,,1
000008,baseline,0,xyz_rmse_m,20.0,40.0,metres,0.0,,1
000008,baseline,0,xyz_rmse_m,40.0,80.0,metres,0.0,,1
000008,baseline,0,xyz_rmse_m,80.0,,metres,,,0
000008,density_decrease,1,point_count,0.0,10.0,points/bin,70498.33333333333,21.007935008784976,3
000008,density_decrease,1,point_count,10.0,20.0,points/bin,33195.333333333336,10.115993936995679,3
000008,density_decrease,1,point_count,20.0,40.0,points/bin,9988.333333333334,11.015141094572204,3
000008,density_decrease,1,point_count,40.0,80.0,points/bin,1520.0,3.605551275463989,3
000008,density_decrease,1,point_count,80.0,,points/bin,0.0,0.0,3
000008,density_decrease,1,retention_percent,,,percent,94.00024478805433,1.7404671430534633e-14,3
000008,density_decrease,1,retention_percent,0.0,10.0,percent,93.94642040129175,0.027995275927537627,3
000008,density_decrease,1,retention_percent,10.0,20.0,percent,94.05642289783621,0.028662890479682946,3
000008,density_decrease,1,retention_percent,20.0,40.0,percent,94.14074772227458,0.10381848345496403,3
000008,density_decrease,1,retention_percent,40.0,80.0,percent,94.35133457479826,0.22380827284071503,3
000008,density_decrease,1,retention_percent,80.0,,percent,,,0
000008,density_decrease,2,point_count,0.0,10.0,points/bin,65997.33333333333,42.85246006162695,3
000008,density_decrease,2,point_count,10.0,20.0,points/bin,31082.333333333332,45.09249752822895,3
000008,density_decrease,2,point_count,20.0,40.0,points/bin,9343.666666666666,30.6648550189518,3
000008,density_decrease,2,point_count,40.0,80.0,points/bin,1425.6666666666667,6.027713773341707,3
000008,density_decrease,2,point_count,80.0,,points/bin,0.0,0.0,3
000008,density_decrease,2,retention_percent,,,percent,88.00048957610869,0.0,3
000008,density_decrease,2,retention_percent,0.0,10.0,percent,87.94836600436206,0.05710539579913407,3
000008,density_decrease,2,retention_percent,10.0,20.0,percent,88.06939997544367,0.12776612225718678,3
000008,density_decrease,2,retention_percent,20.0,40.0,percent,88.06471881872449,0.2890184261918168,3
000008,density_decrease,2,retention_percent,40.0,80.0,percent,88.49575832816056,0.3741597624668972,3
000008,density_decrease,2,retention_percent,80.0,,percent,,,0
000008,density_decrease,3,point_count,0.0,10.0,points/bin,61526.666666666664,39.71565602295061,3
000008,density_decrease,3,point_count,10.0,20.0,points/bin,28964.666666666668,53.163270528940686,3
000008,density_decrease,3,point_count,20.0,40.0,points/bin,8681.0,51.39066063011839,3
000008,density_decrease,3,point_count,40.0,80.0,points/bin,1323.6666666666667,2.3094010767585034,3
000008,density_decrease,3,point_count,80.0,,points/bin,0.0,0.0,3
000008,density_decrease,3,retention_percent,,,percent,82.00073436416302,0.0,3
000008,density_decrease,3,retention_percent,0.0,10.0,percent,81.99073395432718,0.05292527554664162,3
000008,density_decrease,3,retention_percent,10.0,20.0,percent,82.06915441211193,0.15063403657648772,3
000008,density_decrease,3,retention_percent,20.0,40.0,percent,81.81903864278983,0.4843606091434319,3
000008,density_decrease,3,retention_percent,40.0,80.0,percent,82.16428719222016,0.14335202214515885,3
000008,density_decrease,3,retention_percent,80.0,,percent,,,0
000008,density_decrease,4,point_count,0.0,10.0,points/bin,56985.333333333336,41.968241961432376,3
000008,density_decrease,4,point_count,10.0,20.0,points/bin,26879.333333333332,45.01481237696469,3
000008,density_decrease,4,point_count,20.0,40.0,points/bin,8044.333333333333,31.50132272355136,3
000008,density_decrease,4,point_count,40.0,80.0,points/bin,1234.0,2.0,3
000008,density_decrease,4,point_count,80.0,,points/bin,0.0,0.0,3
000008,density_decrease,4,retention_percent,,,percent,76.00097915221737,0.0,3
000008,density_decrease,4,retention_percent,0.0,10.0,percent,75.93893116207583,0.055927082476822626,3
000008,density_decrease,4,retention_percent,10.0,20.0,percent,76.16052286100171,0.12754600735829968,3
000008,density_decrease,4,retention_percent,20.0,40.0,percent,75.81841030474395,0.29690219343592367,3
000008,density_decrease,4,retention_percent,40.0,80.0,percent,76.5983860955928,0.12414649286157697,3
000008,density_decrease,4,retention_percent,80.0,,percent,,,0
000008,density_decrease,5,point_count,0.0,10.0,points/bin,52470.0,65.82552696332935,3
000008,density_decrease,5,point_count,10.0,20.0,points/bin,24769.333333333332,55.08478313775351,3
000008,density_decrease,5,point_count,20.0,40.0,points/bin,7417.0,14.0,3
000008,density_decrease,5,point_count,40.0,80.0,points/bin,1132.6666666666667,7.234178138070234,3
000008,density_decrease,5,point_count,80.0,,points/bin,0.0,0.0,3
000008,density_decrease,5,retention_percent,,,percent,70.00040798009057,0.0,3
000008,density_decrease,5,retention_percent,0.0,10.0,percent,69.92177609573433,0.08771941600368934,3
000008,density_decrease,5,retention_percent,10.0,20.0,percent,70.18200020778436,0.15607849470930135,3
000008,density_decrease,5,retention_percent,20.0,40.0,percent,69.9057492931197,0.13195098963241897,3
000008,density_decrease,5,retention_percent,40.0,80.0,percent,70.30829712393958,0.4490489222886552,3
000008,density_decrease,5,retention_percent,80.0,,percent,,,0
000008,gaussian_noise,1,point_count,0.0,10.0,points/bin,75036.0,6.244997998398398,3
000008,gaussian_noise,1,point_count,10.0,20.0,points/bin,35294.0,6.928203230275509,3
000008,gaussian_noise,1,point_count,20.0,40.0,points/bin,10614.0,6.082762530298219,3
000008,gaussian_noise,1,point_count,40.0,80.0,points/bin,1611.0,1.0,3
000008,gaussian_noise,1,point_count,80.0,,points/bin,0.0,0.0,3
000008,gaussian_noise,1,xyz_rmse_m,,,metres,0.034656397969787665,1.608268913645802e-05,3
000008,gaussian_noise,1,xyz_rmse_m,0.0,10.0,metres,0.034640650251375395,2.756990266317476e-05,3
000008,gaussian_noise,1,xyz_rmse_m,10.0,20.0,metres,0.03467349662523126,2.6087694862292145e-05,3
000008,gaussian_noise,1,xyz_rmse_m,20.0,40.0,metres,0.0347060278378013,6.706601568866849e-05,3
000008,gaussian_noise,1,xyz_rmse_m,40.0,80.0,metres,0.03468636893577368,0.00032696893176726547,3
000008,gaussian_noise,1,xyz_rmse_m,80.0,,metres,,,0
000008,gaussian_noise,2,point_count,0.0,10.0,points/bin,75032.0,4.58257569495584,3
000008,gaussian_noise,2,point_count,10.0,20.0,points/bin,35295.666666666664,5.033222956847166,3
000008,gaussian_noise,2,point_count,20.0,40.0,points/bin,10618.0,1.0,3
000008,gaussian_noise,2,point_count,40.0,80.0,points/bin,1609.3333333333333,4.041451884327381,3
000008,gaussian_noise,2,point_count,80.0,,points/bin,0.0,0.0,3
000008,gaussian_noise,2,xyz_rmse_m,,,metres,0.06931279587819832,3.216626345814135e-05,3
000008,gaussian_noise,2,xyz_rmse_m,0.0,10.0,metres,0.06928130171906009,5.513987250619079e-05,3
000008,gaussian_noise,2,xyz_rmse_m,10.0,20.0,metres,0.0693469926148479,5.217545488347539e-05,3
000008,gaussian_noise,2,xyz_rmse_m,20.0,40.0,metres,0.06941205346315626,0.00013413109919957537,3
000008,gaussian_noise,2,xyz_rmse_m,40.0,80.0,metres,0.06937270527449241,0.0006539180840605395,3
000008,gaussian_noise,2,xyz_rmse_m,80.0,,metres,,,0
000008,gaussian_noise,3,point_count,0.0,10.0,points/bin,75021.66666666667,5.507570547286101,3
000008,gaussian_noise,3,point_count,10.0,20.0,points/bin,35301.333333333336,9.018499505645789,3
000008,gaussian_noise,3,point_count,20.0,40.0,points/bin,10622.0,3.605551275463989,3
000008,gaussian_noise,3,point_count,40.0,80.0,points/bin,1610.0,3.605551275463989,3
000008,gaussian_noise,3,point_count,80.0,,points/bin,0.0,0.0,3
000008,gaussian_noise,3,xyz_rmse_m,,,metres,0.10396919396333935,4.8248501723424955e-05,3
000008,gaussian_noise,3,xyz_rmse_m,0.0,10.0,metres,0.10392195224925838,8.270958954652652e-05,3
000008,gaussian_noise,3,xyz_rmse_m,10.0,20.0,metres,0.10402048984116273,7.826204024319608e-05,3
000008,gaussian_noise,3,xyz_rmse_m,20.0,40.0,metres,0.10411808124608474,0.00020119353123264222,3
000008,gaussian_noise,3,xyz_rmse_m,40.0,80.0,metres,0.10405905731484688,0.000980875475467845,3
000008,gaussian_noise,3,xyz_rmse_m,80.0,,metres,,,0
000008,gaussian_noise,4,point_count,0.0,10.0,points/bin,75008.0,9.539392014169456,3
000008,gaussian_noise,4,point_count,10.0,20.0,points/bin,35310.0,16.522711641858304,3
000008,gaussian_noise,4,point_count,20.0,40.0,points/bin,10627.333333333334,8.144527815247077,3
000008,gaussian_noise,4,point_count,40.0,80.0,points/bin,1609.6666666666667,1.5275252316519465,3
000008,gaussian_noise,4,point_count,80.0,,points/bin,0.0,0.0,3
000008,gaussian_noise,4,xyz_rmse_m,,,metres,0.13862559057842294,6.433224690710295e-05,3
000008,gaussian_noise,4,xyz_rmse_m,0.0,10.0,metres,0.13856260237599305,0.00011027984829320684,3
000008,gaussian_noise,4,xyz_rmse_m,10.0,20.0,metres,0.13869398517356166,0.00010434892150637103,3
000008,gaussian_noise,4,xyz_rmse_m,20.0,40.0,metres,0.13882410512646692,0.0002682557627156723,3
000008,gaussian_noise,4,xyz_rmse_m,40.0,80.0,metres,0.1387453837637571,0.0013078068564552352,3
000008,gaussian_noise,4,xyz_rmse_m,80.0,,metres,,,0
000008,gaussian_noise,5,point_count,0.0,10.0,points/bin,74996.66666666667,10.969655114602888,3
000008,gaussian_noise,5,point_count,10.0,20.0,points/bin,35318.333333333336,13.650396819628847,3
000008,gaussian_noise,5,point_count,20.0,40.0,points/bin,10629.666666666666,6.506407098647712,3
000008,gaussian_noise,5,point_count,40.0,80.0,points/bin,1610.0,0.0,3
000008,gaussian_noise,5,point_count,80.0,,points/bin,0.3333333333333333,0.5773502691896258,3
000008,gaussian_noise,5,xyz_rmse_m,,,metres,0.1732819889970463,8.041560523000279e-05,3
000008,gaussian_noise,5,xyz_rmse_m,0.0,10.0,metres,0.173203253546908,0.0001378493507012868,3
000008,gaussian_noise,5,xyz_rmse_m,10.0,20.0,metres,0.17336748227369284,0.0001304373787472927,3
000008,gaussian_noise,5,xyz_rmse_m,20.0,40.0,metres,0.17353013329623332,0.0003353258914271443,3
000008,gaussian_noise,5,xyz_rmse_m,40.0,80.0,metres,0.1734317311165364,0.0016348262113976648,3
000008,gaussian_noise,5,xyz_rmse_m,80.0,,metres,,,0
000009,baseline,0,point_count,0.0,10.0,points/bin,51787.0,,1
000009,baseline,0,point_count,10.0,20.0,points/bin,46301.0,,1
000009,baseline,0,point_count,20.0,40.0,points/bin,19996.0,,1
000009,baseline,0,point_count,40.0,80.0,points/bin,5844.0,,1
000009,baseline,0,point_count,80.0,,points/bin,0.0,,1
000009,baseline,0,xyz_rmse_m,,,metres,0.0,,1
000009,baseline,0,xyz_rmse_m,0.0,10.0,metres,0.0,,1
000009,baseline,0,xyz_rmse_m,10.0,20.0,metres,0.0,,1
000009,baseline,0,xyz_rmse_m,20.0,40.0,metres,0.0,,1
000009,baseline,0,xyz_rmse_m,40.0,80.0,metres,0.0,,1
000009,baseline,0,xyz_rmse_m,80.0,,metres,,,0
000009,density_decrease,1,point_count,0.0,10.0,points/bin,48673.0,39.344631145812,3
000009,density_decrease,1,point_count,10.0,20.0,points/bin,43522.0,19.672315572906,3
000009,density_decrease,1,point_count,20.0,40.0,points/bin,18804.0,25.942243542145693,3
000009,density_decrease,1,point_count,40.0,80.0,points/bin,5494.0,8.888194417315589,3
000009,density_decrease,1,point_count,80.0,,points/bin,0.0,0.0,3
000009,density_decrease,1,retention_percent,,,percent,94.00054870570007,1.7404671430534633e-14,3
000009,density_decrease,1,retention_percent,0.0,10.0,percent,93.98690791125186,0.07597395320411085,3
000009,density_decrease,1,retention_percent,10.0,20.0,percent,93.99796980626768,0.04248788486837316,3
000009,density_decrease,1,retention_percent,20.0,40.0,percent,94.03880776155232,0.12973716514375608,3
000009,density_decrease,1,retention_percent,40.0,80.0,percent,94.01095140314852,0.15209093801018753,3
000009,density_decrease,1,retention_percent,80.0,,percent,,,0
000009,density_decrease,2,point_count,0.0,10.0,points/bin,45560.0,77.25283166331187,3
000009,density_decrease,2,point_count,10.0,20.0,points/bin,40761.333333333336,58.77357682950165,3
000009,density_decrease,2,point_count,20.0,40.0,points/bin,17593.333333333332,36.93688310257558,3
000009,density_decrease,2,point_count,40.0,80.0,points/bin,5142.333333333333,3.055050463303893,3
000009,density_decrease,2,point_count,80.0,,points/bin,0.0,0.0,3
000009,density_decrease,2,retention_percent,,,percent,88.00029049125298,0.0,3
000009,density_decrease,2,retention_percent,0.0,10.0,percent,87.97574680904474,0.1491741781978313,3
000009,density_decrease,2,retention_percent,10.0,20.0,percent,88.03553558958409,0.12693802904797563,3
000009,density_decrease,2,retention_percent,20.0,40.0,percent,87.98426351937054,0.18472135978483498,3
000009,density_decrease,2,retention_percent,40.0,80.0,percent,87.99338352726443,0.05227670197302554,3
000009,density_decrease,2,retention_percent,80.0,,percent,,,0
000009,density_decrease,3,point_count,0.0,10.0,points/bin,42463.0,98.19877799647,3
000009,density_decrease,3,point_count,10.0,20.0,points/bin,37964.0,32.357379374726875,3
000009,density_decrease,3,point_count,20.0,40.0,points/bin,16399.666666666668,71.45161533046915,3
000009,density_decrease,3,point_count,40.0,80.0,points/bin,4795.333333333333,20.428737928059416,3
000009,density_decrease,3,point_count,80.0,,points/bin,0.0,0.0,3
000009,density_decrease,3,retention_percent,,,percent,82.00083919695307,0.0,3
000009,density_decrease,3,retention_percent,0.0,10.0,percent,81.995481491494,0.1896205186561638,3
000009,density_decrease,3,retention_percent,10.0,20.0,percent,81.99390941880306,0.0698848391497536,3
000009,density_decrease,3,retention_percent,20.0,40.0,percent,82.01473628058945,0.35732954256085425,3
000009,density_decrease,3,retention_percent,40.0,80.0,percent,82.0556696326717,0.3495677263528318,3
000009,density_decrease,3,retention_percent,80.0,,percent,,,0
000009,density_decrease,4,point_count,0.0,10.0,points/bin,39294.333333333336,22.143471573656495,3
000009,density_decrease,4,point_count,10.0,20.0,points/bin,35202.666666666664,62.083277404896506,3
000009,density_decrease,4,point_count,20.0,40.0,points/bin,15228.666666666666,62.96295206971583,3
000009,density_decrease,4,point_count,40.0,80.0,points/bin,4460.333333333333,30.088757590391353,3
000009,density_decrease,4,point_count,80.0,,points/bin,0.0,0.0,3
000009,density_decrease,4,retention_percent,,,percent,76.00058098250597,0.0,3
000009,density_decrease,4,retention_percent,0.0,10.0,percent,75.8768288051699,0.042758745580277875,3
000009,density_decrease,4,retention_percent,10.0,20.0,percent,76.0300353484086,0.1340862560309635,3
000009,density_decrease,4,retention_percent,20.0,40.0,percent,76.15856504634262,0.3148777358957604,3
000009,density_decrease,4,retention_percent,40.0,80.0,percent,76.32329454711385,0.5148658040792486,3
000009,density_decrease,4,retention_percent,80.0,,percent,,,0
000009,density_decrease,5,point_count,0.0,10.0,points/bin,36199.333333333336,21.221058723196006,3
000009,density_decrease,5,point_count,10.0,20.0,points/bin,32399.333333333332,85.00784277543652,3
000009,density_decrease,5,point_count,20.0,40.0,points/bin,14044.333333333334,76.3500709451755,3
000009,density_decrease,5,point_count,40.0,80.0,points/bin,4107.0,22.516660498395403,3
000009,density_decrease,5,point_count,80.0,,points/bin,0.0,0.0,3
000009,density_decrease,5,retention_percent,,,percent,70.00032276805888,0.0,3
000009,density_decrease,5,retention_percent,0.0,10.0,percent,69.90042546070121,0.040977578780771434,3
000009,density_decrease,5,retention_percent,10.0,20.0,percent,69.97545049422979,0.1835982868090032,3
000009,density_decrease,5,retention_percent,20.0,40.0,percent,70.23571380942855,0.38182672006988627,3
000009,density_decrease,5,retention_percent,40.0,80.0,percent,70.27720739219713,0.38529535418199057,3
000009,density_decrease,5,retention_percent,80.0,,percent,,,0
000009,gaussian_noise,1,point_count,0.0,10.0,points/bin,51787.666666666664,3.511884584284246,3
000009,gaussian_noise,1,point_count,10.0,20.0,points/bin,46301.666666666664,4.725815626252608,3
000009,gaussian_noise,1,point_count,20.0,40.0,points/bin,19993.333333333332,2.0816659994661326,3
000009,gaussian_noise,1,point_count,40.0,80.0,points/bin,5845.333333333333,0.5773502691896257,3
000009,gaussian_noise,1,point_count,80.0,,points/bin,0.0,0.0,3
000009,gaussian_noise,1,xyz_rmse_m,,,metres,0.03465782227454667,1.7793617309404647e-05,3
000009,gaussian_noise,1,xyz_rmse_m,0.0,10.0,metres,0.03463016875475437,4.3519674965803146e-05,3
000009,gaussian_noise,1,xyz_rmse_m,10.0,20.0,metres,0.034668184467083064,7.50529818811747e-05,3
000009,gaussian_noise,1,xyz_rmse_m,20.0,40.0,metres,0.03468350085420843,3.127492581101214e-05,3
000009,gaussian_noise,1,xyz_rmse_m,40.0,80.0,metres,0.03473207222471087,8.077943325567914e-05,3
000009,gaussian_noise,1,xyz_rmse_m,80.0,,metres,,,0
000009,gaussian_noise,2,point_count,0.0,10.0,points/bin,51791.333333333336,7.505553499465135,3
000009,gaussian_noise,2,point_count,10.0,20.0,points/bin,46305.0,12.489995996796797,3
000009,gaussian_noise,2,point_count,20.0,40.0,points/bin,19986.0,5.291502622129181,3
000009,gaussian_noise,2,point_count,40.0,80.0,points/bin,5845.333333333333,0.5773502691896257,3
000009,gaussian_noise,2,point_count,80.0,,points/bin,0.3333333333333333,0.5773502691896258,3
000009,gaussian_noise,2,xyz_rmse_m,,,metres,0.06931564488130125,3.5587705450448244e-05,3
000009,gaussian_noise,2,xyz_rmse_m,0.0,10.0,metres,0.06926033750779594,8.704012587272998e-05,3
000009,gaussian_noise,2,xyz_rmse_m,10.0,20.0,metres,0.06933636732087585,0.00015010690674092795,3
000009,gaussian_noise,2,xyz_rmse_m,20.0,40.0,metres,0.06936700062835598,6.254236476347718e-05,3
000009,gaussian_noise,2,xyz_rmse_m,40.0,80.0,metres,0.06946416795595908,0.00016155198438908694,3
000009,gaussian_noise,2,xyz_rmse_m,80.0,,metres,,,0
000009,gaussian_noise,3,point_count,0.0,10.0,points/bin,51789.0,6.0,3
000009,gaussian_noise,3,point_count,10.0,20.0,points/bin,46309.0,11.135528725660043,3
000009,gaussian_noise,3,point_count,20.0,40.0,points/bin,19984.0,10.816653826391969,3
000009,gaussian_noise,3,point_count,40.0,80.0,points/bin,5845.333333333333,1.5275252316519468,3
000009,gaussian_noise,3,point_count,80.0,,points/bin,0.6666666666666666,0.5773502691896258,3
000009,gaussian_noise,3,xyz_rmse_m,,,metres,0.10397346834374406,5.3381493275096675e-05,3
000009,gaussian_noise,3,xyz_rmse_m,0.0,10.0,metres,0.1038905060839636,0.00013055940927588058,3
000009,gaussian_noise,3,xyz_rmse_m,10.0,20.0,metres,0.10400455264400793,0.00022516008887408492,3
000009,gaussian_noise,3,xyz_rmse_m,20.0,40.0,metres,0.10405050610757693,9.381980472986478e-05,3
000009,gaussian_noise,3,xyz_rmse_m,40.0,80.0,metres,0.10419624432620946,0.00024232687872929024,3
000009,gaussian_noise,3,xyz_rmse_m,80.0,,metres,,,0
000009,gaussian_noise,4,point_count,0.0,10.0,points/bin,51782.666666666664,4.618802153517006,3
000009,gaussian_noise,4,point_count,10.0,20.0,points/bin,46324.666666666664,8.504900548115383,3
000009,gaussian_noise,4,point_count,20.0,40.0,points/bin,19973.333333333332,3.785938897200183,3
000009,gaussian_noise,4,point_count,40.0,80.0,points/bin,5846.666666666667,2.0816659994661326,3
000009,gaussian_noise,4,point_count,80.0,,points/bin,0.6666666666666666,0.5773502691896258,3
000009,gaussian_noise,4,xyz_rmse_m,,,metres,0.13863129146192385,7.117506596244886e-05,3
000009,gaussian_noise,4,xyz_rmse_m,0.0,10.0,metres,0.13852067474394095,0.00017407891840114635,3
000009,gaussian_noise,4,xyz_rmse_m,10.0,20.0,metres,0.13867273730920412,0.00030021241707111235,3
000009,gaussian_noise,4,xyz_rmse_m,20.0,40.0,metres,0.13873400495757127,0.00012508800193525746,3
000009,gaussian_noise,4,xyz_rmse_m,40.0,80.0,metres,0.13892834055715086,0.00032309765257588726,3
000009,gaussian_noise,4,xyz_rmse_m,80.0,,metres,,,0
000009,gaussian_noise,5,point_count,0.0,10.0,points/bin,51784.666666666664,3.511884584284246,3
000009,gaussian_noise,5,point_count,10.0,20.0,points/bin,46323.666666666664,8.621678104251709,3
000009,gaussian_noise,5,point_count,20.0,40.0,points/bin,19973.0,10.44030650891055,3
000009,gaussian_noise,5,point_count,40.0,80.0,points/bin,5845.333333333333,3.511884584284246,3
000009,gaussian_noise,5,point_count,80.0,,points/bin,1.3333333333333333,1.5275252316519465,3
000009,gaussian_noise,5,xyz_rmse_m,,,metres,0.17328911414780226,8.896893938016334e-05,3
000009,gaussian_noise,5,xyz_rmse_m,0.0,10.0,metres,0.17315084380106835,0.00021759859725255706,3
000009,gaussian_noise,5,xyz_rmse_m,10.0,20.0,metres,0.1733409204377152,0.0003752662338836366,3
000009,gaussian_noise,5,xyz_rmse_m,20.0,40.0,metres,0.17341750810197218,0.00015635688753374744,3
000009,gaussian_noise,5,xyz_rmse_m,40.0,80.0,metres,0.17366042157793463,0.00040387811174924293,3
000009,gaussian_noise,5,xyz_rmse_m,80.0,,metres,,,0
